-- phpMyAdmin SQL Dump
-- version 4.7.4
-- https://www.phpmyadmin.net/
--
-- Host: 127.0.0.1
-- Generation Time: Feb 02, 2019 at 12:42 PM
-- Server version: 5.6.35-log
-- PHP Version: 7.1.11

SET SQL_MODE = "NO_AUTO_VALUE_ON_ZERO";
SET AUTOCOMMIT = 0;
START TRANSACTION;
SET time_zone = "+00:00";


/*!40101 SET @OLD_CHARACTER_SET_CLIENT=@@CHARACTER_SET_CLIENT */;
/*!40101 SET @OLD_CHARACTER_SET_RESULTS=@@CHARACTER_SET_RESULTS */;
/*!40101 SET @OLD_COLLATION_CONNECTION=@@COLLATION_CONNECTION */;
/*!40101 SET NAMES utf8mb4 */;

--
-- Database: `test`
--

-- --------------------------------------------------------

--
-- Table structure for table `migrations`
--

CREATE TABLE `migrations` (
  `id` int(10) UNSIGNED NOT NULL,
  `migration` varchar(191) COLLATE utf8mb4_unicode_ci NOT NULL,
  `batch` int(11) NOT NULL
) ENGINE=InnoDB DEFAULT CHARSET=utf8mb4 COLLATE=utf8mb4_unicode_ci;

--
-- Dumping data for table `migrations`
--

INSERT INTO `migrations` (`id`, `migration`, `batch`) VALUES
(1, '2014_10_12_000000_create_users_table', 1),
(2, '2014_10_12_100000_create_password_resets_table', 1),
(3, '2019_02_01_232822_create_products_table', 1),
(4, '2019_02_01_233059_create_reviews_table', 1);

-- --------------------------------------------------------

--
-- Table structure for table `password_resets`
--

CREATE TABLE `password_resets` (
  `email` varchar(191) COLLATE utf8mb4_unicode_ci NOT NULL,
  `token` varchar(191) COLLATE utf8mb4_unicode_ci NOT NULL,
  `created_at` timestamp NULL DEFAULT NULL
) ENGINE=InnoDB DEFAULT CHARSET=utf8mb4 COLLATE=utf8mb4_unicode_ci;

-- --------------------------------------------------------

--
-- Table structure for table `products`
--

CREATE TABLE `products` (
  `id` int(10) UNSIGNED NOT NULL,
  `name` varchar(191) COLLATE utf8mb4_unicode_ci NOT NULL,
  `detail` text COLLATE utf8mb4_unicode_ci NOT NULL,
  `price` int(11) NOT NULL,
  `stock` int(11) NOT NULL,
  `discount` int(11) NOT NULL,
  `created_at` timestamp NULL DEFAULT NULL,
  `updated_at` timestamp NULL DEFAULT NULL
) ENGINE=InnoDB DEFAULT CHARSET=utf8mb4 COLLATE=utf8mb4_unicode_ci;

--
-- Dumping data for table `products`
--

INSERT INTO `products` (`id`, `name`, `detail`, `price`, `stock`, `discount`, `created_at`, `updated_at`) VALUES
(1, 'voluptas', 'Reprehenderit voluptatibus qui et at deleniti. Minus dolores pariatur quae consequatur temporibus. Vel voluptatem voluptas nam tempore. Nemo itaque voluptatem quod.', 974, 9, 13, '2019-02-02 09:35:38', '2019-02-02 09:35:38'),
(2, 'accusamus', 'Qui doloremque a dolores perspiciatis. Ipsa aut est itaque sint vero at. Expedita eligendi est tempora quod facilis dolore.', 192, 2, 10, '2019-02-02 09:35:41', '2019-02-02 09:35:41'),
(3, 'dolor', 'Adipisci repellat quibusdam corrupti deleniti modi. Nihil possimus esse facere aut nihil officia ut quis. In fugiat a maiores illum.', 545, 4, 18, '2019-02-02 09:35:41', '2019-02-02 09:35:41'),
(4, 'vero', 'Dicta voluptas tenetur tempora aut. Et quaerat non vel nobis odit. Omnis qui consequatur est aut. Ipsum corporis consequatur ad quaerat autem odio quia.', 773, 5, 29, '2019-02-02 09:35:41', '2019-02-02 09:35:41'),
(5, 'ad', 'Eos sunt deleniti provident voluptatem. Minima illum esse non aliquid modi ex id. Quis dolor dolorem qui ut rem.', 353, 0, 23, '2019-02-02 09:35:41', '2019-02-02 09:35:41'),
(6, 'distinctio', 'Reiciendis veritatis et quos ullam voluptatum optio. Dolor aut pariatur quod dolor tempora natus tenetur. Nisi ut sed ut eveniet. A nobis debitis culpa cum harum labore.', 720, 4, 24, '2019-02-02 09:35:42', '2019-02-02 09:35:42'),
(7, 'quas', 'Maiores laboriosam in totam eos ut adipisci fugit. Autem rem dicta autem quisquam explicabo.', 546, 6, 28, '2019-02-02 09:35:42', '2019-02-02 09:35:42'),
(8, 'nobis', 'Dolorum et alias beatae quae nobis. Incidunt et neque id sequi laborum quod reprehenderit. Maxime itaque distinctio et corrupti. Labore labore ad optio facilis nisi.', 791, 8, 19, '2019-02-02 09:35:42', '2019-02-02 09:35:42'),
(9, 'nihil', 'Quibusdam voluptatem cupiditate non ipsam voluptas. Sit officiis consequatur est. Molestiae consequatur et quasi. Molestiae ut ut laborum.', 787, 3, 16, '2019-02-02 09:35:42', '2019-02-02 09:35:42'),
(10, 'sit', 'Harum ab dolores omnis dolores expedita est vel qui. Quis cum sed magni quia maiores. Ipsum facere necessitatibus rerum perspiciatis.', 607, 2, 27, '2019-02-02 09:35:42', '2019-02-02 09:35:42'),
(11, 'tempore', 'Ea quisquam laborum omnis culpa aut praesentium molestiae dolores. Occaecati vero quis sapiente a. Officia et dolorem corrupti quisquam praesentium. Et quia rerum expedita dolor animi sunt molestiae.', 241, 0, 10, '2019-02-02 09:35:42', '2019-02-02 09:35:42'),
(12, 'at', 'Aut quisquam soluta et a qui repudiandae. Quaerat nihil et ut nemo ipsum ad rerum porro. Explicabo nesciunt expedita optio quod alias pariatur est et. Beatae vero porro odio voluptatem cumque occaecati voluptatem.', 942, 6, 25, '2019-02-02 09:35:42', '2019-02-02 09:35:42'),
(13, 'dicta', 'Optio et culpa sit quisquam eligendi sint. Pariatur dicta tempore enim veniam et soluta ratione. Perferendis dolores voluptates provident at in asperiores et.', 496, 1, 23, '2019-02-02 09:35:42', '2019-02-02 09:35:42'),
(14, 'nostrum', 'Fuga voluptate pariatur commodi quis ut consequatur. Tempore id est reiciendis sunt quia qui perferendis.', 688, 5, 22, '2019-02-02 09:35:42', '2019-02-02 09:35:42'),
(15, 'deserunt', 'Quis ipsam qui culpa rerum qui quia eum itaque. Et omnis alias nisi est. Et excepturi nam consequatur.', 624, 6, 22, '2019-02-02 09:35:42', '2019-02-02 09:35:42'),
(16, 'ex', 'Voluptates unde debitis beatae id. Nemo molestiae suscipit ea rerum quis. Qui voluptatem quo et. Voluptates vel est expedita ea accusantium tempore.', 442, 7, 16, '2019-02-02 09:35:42', '2019-02-02 09:35:42'),
(17, 'reprehenderit', 'Sed quasi aut labore aliquid alias. Ipsam accusamus placeat eius autem. Et at nihil suscipit repudiandae qui.', 762, 3, 30, '2019-02-02 09:35:42', '2019-02-02 09:35:42'),
(18, 'dignissimos', 'Nam at porro ea nisi ullam cupiditate itaque. Eum quibusdam atque voluptas fugiat. Labore dolorum atque neque porro sit velit qui illum. Occaecati itaque aut quam cum et.', 765, 7, 12, '2019-02-02 09:35:43', '2019-02-02 09:35:43'),
(19, 'adipisci', 'Dolorum labore quia error qui. Repudiandae tenetur quidem nisi sit mollitia. Exercitationem eos dolor ea aliquam magnam. Esse sapiente autem odio veniam minus soluta.', 792, 2, 29, '2019-02-02 09:35:43', '2019-02-02 09:35:43'),
(20, 'nulla', 'Est velit velit voluptas qui voluptatum eum. Sunt minus ducimus odit libero est maxime ut. Adipisci nihil ut occaecati quod voluptatem. Tempora cumque incidunt nihil debitis sit et ut ut.', 860, 2, 16, '2019-02-02 09:35:43', '2019-02-02 09:35:43'),
(21, 'placeat', 'Non asperiores expedita laboriosam aliquam. Omnis a quia voluptas assumenda. Et doloribus voluptatem non officiis vero totam. Autem quae eos ut quam debitis et odit quidem.', 967, 4, 28, '2019-02-02 09:35:43', '2019-02-02 09:35:43'),
(22, 'a', 'Quaerat aspernatur occaecati dolores molestias. Hic accusamus molestias et sit dolores quia ab. Animi veritatis dignissimos quisquam quam eligendi. Commodi fugit ab iure fugit. Necessitatibus nulla ipsam dolorem ut voluptatem.', 373, 7, 10, '2019-02-02 09:35:43', '2019-02-02 09:35:43'),
(23, 'excepturi', 'Sit quibusdam atque nemo libero laudantium. Neque nobis autem inventore. Ratione est nam et et.', 195, 0, 27, '2019-02-02 09:35:43', '2019-02-02 09:35:43'),
(24, 'nulla', 'Vel velit explicabo officiis omnis natus. Accusamus ea nam reiciendis ut sapiente veritatis. Natus nesciunt qui deleniti voluptatem. Eveniet et reprehenderit ullam distinctio nihil tempore tempora maiores.', 255, 2, 18, '2019-02-02 09:35:43', '2019-02-02 09:35:43'),
(25, 'quia', 'Dolorem libero dolorem velit minus distinctio. Aspernatur placeat est aut voluptate qui eos. Doloribus doloribus autem laboriosam molestias et.', 166, 2, 12, '2019-02-02 09:35:43', '2019-02-02 09:35:43'),
(26, 'possimus', 'Aut quis odit voluptatem omnis quo. Reprehenderit soluta qui enim. Adipisci corporis aut rerum nesciunt natus.', 978, 3, 24, '2019-02-02 09:35:43', '2019-02-02 09:35:43'),
(27, 'molestias', 'Harum quia tenetur quidem necessitatibus deleniti omnis quia amet. Nihil architecto velit voluptates iusto non perspiciatis vero. Dolores architecto et nostrum aliquid quia iure illum voluptates.', 459, 0, 11, '2019-02-02 09:35:43', '2019-02-02 09:35:43'),
(28, 'cumque', 'Repellat voluptatum aut est dolorem et. Esse repudiandae eum ad. Facere et a quasi.', 348, 4, 30, '2019-02-02 09:35:43', '2019-02-02 09:35:43'),
(29, 'beatae', 'Et laborum qui consequuntur quo eum autem ipsum. Voluptas nemo nisi accusantium molestiae. Numquam facere nemo maiores laborum delectus facilis. Adipisci et aut rem adipisci omnis praesentium.', 588, 3, 30, '2019-02-02 09:35:43', '2019-02-02 09:35:43'),
(30, 'tempora', 'Aspernatur fuga aut dicta quas ut iusto expedita aut. Voluptas quasi vel natus inventore provident at sit quo. Tempore id quae ducimus iure illum est cupiditate.', 132, 1, 18, '2019-02-02 09:35:43', '2019-02-02 09:35:43'),
(31, 'minus', 'Non maxime quam aliquam quis. Quis est sint et nisi rem totam sunt dolores. Minima fugiat et tempora et quis quibusdam maiores.', 987, 1, 29, '2019-02-02 09:35:43', '2019-02-02 09:35:43'),
(32, 'voluptatum', 'Rerum ullam illum facilis perspiciatis voluptas et ut. Excepturi ipsum est aut deserunt occaecati deserunt. Molestiae nemo praesentium consequatur sit quisquam illum et. Ipsum odit est quia debitis.', 991, 8, 12, '2019-02-02 09:35:43', '2019-02-02 09:35:43'),
(33, 'numquam', 'Consequatur ea dolores odio minima quibusdam. Eaque et aliquam sint sed autem nobis. Dolore ut illo dolores quaerat nulla incidunt. Reprehenderit beatae atque in vitae consequatur enim quidem rerum.', 895, 2, 16, '2019-02-02 09:35:43', '2019-02-02 09:35:43'),
(34, 'enim', 'Non quo voluptatem in enim atque. Voluptatem ut ex facere aut voluptas. Cumque ipsa qui temporibus dolorem. Nostrum consequatur est facilis consequatur neque ut. Quia omnis quidem culpa unde sed nihil aut rerum.', 704, 2, 24, '2019-02-02 09:35:44', '2019-02-02 09:35:44'),
(35, 'repudiandae', 'Distinctio aut ullam quia qui molestias enim quisquam vitae. Quia ullam nisi qui hic sit fugiat eveniet ducimus. Dolores enim consequatur quisquam dignissimos minima quia autem. Sit et sit delectus dolores commodi omnis.', 994, 4, 12, '2019-02-02 09:35:44', '2019-02-02 09:35:44'),
(36, 'aliquid', 'Id nostrum nulla voluptatem nesciunt nam eum. Et eius id culpa. Ut magni asperiores unde libero est. Doloremque architecto quibusdam voluptas perspiciatis. Dolorum laborum est illum doloribus.', 721, 0, 12, '2019-02-02 09:35:44', '2019-02-02 09:35:44'),
(37, 'sequi', 'Magnam id quia non reiciendis consectetur odio. Aliquam id et consectetur nesciunt et. Omnis vitae itaque quis eos. Dignissimos magni aspernatur odit repellendus voluptatem at. Odio sit molestiae velit rem sed neque voluptas temporibus.', 138, 8, 24, '2019-02-02 09:35:44', '2019-02-02 09:35:44'),
(38, 'et', 'Nihil labore maxime quo omnis earum eum voluptatem. Quo et dolorum earum occaecati.', 920, 3, 10, '2019-02-02 09:35:44', '2019-02-02 09:35:44'),
(39, 'similique', 'Deserunt nobis natus dolore tempora. Recusandae vel adipisci alias facilis qui sed qui. Error veritatis mollitia inventore esse. Illum quo dolorem maiores reprehenderit inventore est rerum.', 350, 4, 14, '2019-02-02 09:35:44', '2019-02-02 09:35:44'),
(40, 'veniam', 'Veniam quisquam atque illo vero. Iure totam vel molestias.', 262, 8, 13, '2019-02-02 09:35:44', '2019-02-02 09:35:44'),
(41, 'reprehenderit', 'Cupiditate delectus voluptatibus eos velit voluptatum perspiciatis saepe. Quia qui rem modi et ad est qui. Est excepturi impedit dolore cupiditate ab repellendus modi delectus. In qui id reiciendis illo quia omnis.', 969, 3, 23, '2019-02-02 09:35:44', '2019-02-02 09:35:44'),
(42, 'molestiae', 'Placeat et quia magni. Aliquid distinctio vitae iste commodi doloremque. Debitis et autem et omnis possimus sint.', 332, 1, 11, '2019-02-02 09:35:44', '2019-02-02 09:35:44'),
(43, 'iusto', 'Animi eius voluptatem ullam optio ex voluptatem repellendus. Ad numquam quibusdam harum deserunt explicabo debitis. Similique ea quaerat consequatur rerum.', 278, 1, 22, '2019-02-02 09:35:44', '2019-02-02 09:35:44'),
(44, 'earum', 'Et voluptatum nisi iste ab. Sit ipsa sed dicta cum voluptatem maxime. Temporibus corporis enim nihil accusamus ut sapiente ex.', 444, 1, 28, '2019-02-02 09:35:44', '2019-02-02 09:35:44'),
(45, 'eos', 'Numquam rerum porro libero quis hic praesentium. Modi dolorum id quo optio nemo. Quia qui dolor repudiandae qui et in occaecati.', 161, 7, 21, '2019-02-02 09:35:44', '2019-02-02 09:35:44'),
(46, 'occaecati', 'Ut ut saepe qui quo laborum hic. Voluptatum laboriosam veniam beatae quibusdam. Iste vel vel molestiae quia ut ea. Iure cum libero beatae dolore nesciunt dolores aut.', 496, 4, 30, '2019-02-02 09:35:44', '2019-02-02 09:35:44'),
(47, 'fuga', 'Quibusdam quasi quasi at facilis dolorum. Earum aliquam quos saepe deleniti voluptatem repudiandae. Ab reprehenderit quos eaque itaque voluptatum ipsa aliquid. Corrupti sed dicta et et.', 334, 1, 29, '2019-02-02 09:35:44', '2019-02-02 09:35:44'),
(48, 'eius', 'Eum ex accusamus voluptatum unde soluta eum. Corrupti quia corporis dolore sed eum ut. Aliquam et quisquam ea necessitatibus hic. Occaecati iure magni dicta.', 373, 3, 21, '2019-02-02 09:35:44', '2019-02-02 09:35:44'),
(49, 'expedita', 'Dolor qui voluptatem et quam libero numquam. Et at at aut officia non voluptas commodi laudantium. Sint ab suscipit temporibus incidunt. Error molestiae exercitationem provident molestiae in atque qui.', 473, 5, 22, '2019-02-02 09:35:44', '2019-02-02 09:35:44'),
(50, 'temporibus', 'Ad beatae quibusdam commodi molestias ullam. Sunt id vel consequatur maiores. Deserunt molestiae velit ut. Et vel reiciendis blanditiis deleniti.', 647, 0, 24, '2019-02-02 09:35:44', '2019-02-02 09:35:44'),
(51, 'beatae', 'Vel ipsum neque fuga. Adipisci sunt officiis repellat doloribus. Dolor pariatur aperiam odio et doloremque beatae quos.', 255, 4, 10, '2019-02-02 09:36:19', '2019-02-02 09:36:19'),
(52, 'quo', 'Neque voluptatibus ut qui est. Debitis quaerat ipsum dolor ea officia. Placeat quos ut vitae suscipit.', 370, 0, 16, '2019-02-02 09:36:19', '2019-02-02 09:36:19'),
(53, 'aliquam', 'Expedita dolor voluptatum aspernatur. Nemo aut voluptatem aliquam ut assumenda earum. Quibusdam distinctio qui repellendus dolor aliquid sequi voluptatem ullam. Fugiat aut occaecati consequatur corrupti libero ut dolor neque.', 953, 5, 14, '2019-02-02 09:36:19', '2019-02-02 09:36:19'),
(54, 'eos', 'Eaque aut sint alias dolorum. Pariatur voluptas nihil omnis quis esse. Assumenda earum sed ut dolorem numquam ab at. Alias voluptatem vel veritatis odit et quam.', 689, 4, 16, '2019-02-02 09:36:19', '2019-02-02 09:36:19'),
(55, 'mollitia', 'Eum ut velit voluptatum ipsum neque doloremque molestiae. Nesciunt at recusandae necessitatibus nemo beatae neque. Adipisci in vitae quos vel enim.', 872, 2, 22, '2019-02-02 09:36:19', '2019-02-02 09:36:19'),
(56, 'veniam', 'Et enim quasi dolorem accusamus dolor quos quos et. Voluptatibus odit nesciunt tempore voluptatem ipsam dolor. Porro totam animi dolorem quas vel et veniam omnis. Sunt odio et laborum eveniet dolorem.', 122, 1, 10, '2019-02-02 09:36:19', '2019-02-02 09:36:19'),
(57, 'hic', 'Et consectetur velit molestiae non accusamus deserunt nam. A magnam sunt qui dicta recusandae ipsum qui. Vel quia ut dolorem sit. Ipsa nemo ea animi sapiente.', 274, 2, 20, '2019-02-02 09:36:19', '2019-02-02 09:36:19'),
(58, 'sint', 'Eligendi in esse incidunt sequi quia tenetur harum. Quia dignissimos voluptatem non dignissimos. Accusantium quia ut ea quaerat. Perspiciatis magni quia nam error ipsa soluta incidunt est. Commodi et et possimus soluta esse.', 909, 9, 16, '2019-02-02 09:36:19', '2019-02-02 09:36:19'),
(59, 'qui', 'Provident molestiae et ad explicabo nisi voluptatum voluptatem aliquid. Sequi nisi est fugiat voluptatem. Tempora earum est nisi eligendi sint dolores. Alias architecto est cumque at iste.', 991, 9, 20, '2019-02-02 09:36:19', '2019-02-02 09:36:19'),
(60, 'voluptates', 'Ut labore voluptas eius et animi nulla repellendus. Accusantium dolor cum culpa impedit nostrum. Labore id aperiam est doloribus. Repellendus a in laboriosam dolor doloribus et.', 538, 7, 21, '2019-02-02 09:36:19', '2019-02-02 09:36:19'),
(61, 'voluptas', 'Velit consectetur voluptas quisquam facere. Culpa accusamus perspiciatis in veritatis cum minus. Inventore mollitia ipsum et repellendus repellendus amet inventore. Deleniti distinctio iure repudiandae quaerat laboriosam odio.', 662, 5, 28, '2019-02-02 09:36:19', '2019-02-02 09:36:19'),
(62, 'est', 'Occaecati in repellendus dolore voluptatem illo rem impedit qui. Voluptatibus hic quibusdam quas reiciendis. Fugiat eos repudiandae quis voluptas aut incidunt ad. Et et eos ea omnis sequi sapiente sapiente.', 502, 4, 11, '2019-02-02 09:36:19', '2019-02-02 09:36:19'),
(63, 'labore', 'Nobis ut impedit doloremque vel quasi adipisci. Dicta expedita in consectetur nisi laborum voluptatem. Reiciendis minima ut labore provident quia nesciunt.', 614, 0, 30, '2019-02-02 09:36:19', '2019-02-02 09:36:19'),
(64, 'occaecati', 'Nihil ad optio delectus excepturi qui dolores et. Dolor voluptatibus tempora sint itaque consequatur inventore minima cum.', 357, 5, 21, '2019-02-02 09:36:19', '2019-02-02 09:36:19'),
(65, 'delectus', 'Qui ducimus voluptatem recusandae ex quidem ea consectetur. Laboriosam qui nemo aliquam deleniti sapiente inventore velit. Rerum non exercitationem nobis iusto maiores explicabo. Itaque nisi recusandae quaerat reprehenderit.', 592, 0, 28, '2019-02-02 09:36:20', '2019-02-02 09:36:20'),
(66, 'in', 'Iure aperiam dolorem quasi officiis minus. Omnis consequatur ut quis dolor nisi omnis. Harum id deserunt eaque libero. Iste inventore vitae eos voluptas.', 341, 9, 25, '2019-02-02 09:36:20', '2019-02-02 09:36:20'),
(67, 'consequuntur', 'Fugit fuga ipsam ea. Repellendus rem nisi excepturi quas nulla fugiat blanditiis nostrum. Deleniti sequi aut autem doloremque.', 710, 7, 28, '2019-02-02 09:36:20', '2019-02-02 09:36:20'),
(68, 'dicta', 'Magni modi doloribus quia dignissimos fugit odit. A et rem autem. Repellat repudiandae odio quasi eum quas. Ipsam nisi asperiores dolorem laudantium rerum praesentium.', 789, 8, 27, '2019-02-02 09:36:20', '2019-02-02 09:36:20'),
(69, 'corrupti', 'Error hic est cupiditate quia aut labore. Consequatur sit illum exercitationem pariatur aliquam labore enim repellendus. Necessitatibus temporibus sit repellendus quo quas rerum. Minus consequatur tempora omnis dolores ipsam consequatur.', 430, 6, 11, '2019-02-02 09:36:20', '2019-02-02 09:36:20'),
(70, 'eos', 'Necessitatibus reprehenderit quam inventore. Ex qui dolorem et dicta id sed. Aut consequatur tenetur odit.', 828, 0, 10, '2019-02-02 09:36:20', '2019-02-02 09:36:20'),
(71, 'ut', 'Minus quaerat perspiciatis dolorem amet animi vitae. Unde quasi mollitia quod et unde. Delectus quia ut ut qui consequatur omnis quas.', 216, 1, 13, '2019-02-02 09:36:20', '2019-02-02 09:36:20'),
(72, 'accusantium', 'Placeat repellendus placeat quis ea dolorem modi. Hic tempore quisquam omnis. Ad et illum nihil sed. Consequuntur et corporis dolorem ipsum ducimus.', 573, 4, 28, '2019-02-02 09:36:20', '2019-02-02 09:36:20'),
(73, 'quidem', 'Earum fugit sit beatae consequatur laborum sit neque. Rerum excepturi enim eum quia est. At alias quia voluptatem itaque repudiandae officiis quos. Eveniet molestias ducimus ut nemo ut ea. Nostrum deleniti nam consectetur qui eum vero.', 541, 2, 16, '2019-02-02 09:36:20', '2019-02-02 09:36:20'),
(74, 'cupiditate', 'Quos corrupti laudantium harum necessitatibus dolor. Rerum excepturi nobis odit quis molestiae qui. Nihil delectus aut voluptatum perferendis. Dolores aut beatae fugiat earum nisi officiis.', 915, 8, 22, '2019-02-02 09:36:20', '2019-02-02 09:36:20'),
(75, 'quisquam', 'Repudiandae aut libero error quisquam inventore. Error vel molestias voluptas sed vitae enim. Aut suscipit numquam est similique est saepe veniam.', 702, 0, 12, '2019-02-02 09:36:20', '2019-02-02 09:36:20'),
(76, 'officiis', 'Facere dolore laudantium laborum non hic nemo. Libero ullam molestiae culpa enim qui doloremque. Hic natus in nemo aut aperiam. Voluptatem rem sint dolor vel necessitatibus.', 677, 4, 26, '2019-02-02 09:36:20', '2019-02-02 09:36:20'),
(77, 'iste', 'Ad dolor aliquid voluptatem est officia ut. Qui commodi consequatur eaque incidunt debitis pariatur veniam hic. Dolorum quis sint quia laboriosam. Ut et pariatur laboriosam. Repellendus facere qui ab natus quia saepe beatae pariatur.', 825, 6, 14, '2019-02-02 09:36:20', '2019-02-02 09:36:20'),
(78, 'illum', 'Eveniet quo est distinctio. Aut quos voluptas voluptatem dolor et aspernatur deleniti et. Est sapiente quae sit ad. Autem et tempora iusto quod vel delectus.', 121, 1, 10, '2019-02-02 09:36:21', '2019-02-02 09:36:21'),
(79, 'dicta', 'Perferendis voluptas nihil eum aut nihil. Magnam aut ut adipisci et. Ut aliquam rerum aspernatur praesentium eos facilis aut. Et sit a molestiae et quo ea impedit. Rerum sit suscipit aliquid in enim.', 275, 5, 17, '2019-02-02 09:36:21', '2019-02-02 09:36:21'),
(80, 'sit', 'Dicta ad eligendi odit provident non voluptate quia. Alias modi voluptatem odit voluptatem eaque. Deleniti cum quae quo.', 592, 9, 30, '2019-02-02 09:36:21', '2019-02-02 09:36:21'),
(81, 'officiis', 'Aut ducimus nihil excepturi illo voluptatum ut sed qui. Est quia quasi porro sint voluptatem placeat. Ullam commodi omnis consequatur minima.', 363, 4, 30, '2019-02-02 09:36:21', '2019-02-02 09:36:21'),
(82, 'amet', 'Ut recusandae omnis quia consequatur voluptas. Repudiandae tenetur voluptates est molestiae quaerat ea ut. Ut cumque et eius nihil accusantium velit. Autem ea consequatur ea ipsa eligendi asperiores.', 278, 8, 28, '2019-02-02 09:36:21', '2019-02-02 09:36:21'),
(83, 'omnis', 'Hic non suscipit voluptas et. Eos voluptatem vel et repellendus ut enim. Et ullam nobis iste sit enim.', 223, 1, 26, '2019-02-02 09:36:21', '2019-02-02 09:36:21'),
(84, 'ea', 'Soluta officiis deserunt ad. Ut voluptatem nihil dolorem placeat. Repellendus praesentium omnis voluptas quis non minima fuga numquam.', 712, 9, 15, '2019-02-02 09:36:21', '2019-02-02 09:36:21'),
(85, 'quia', 'Quia autem quis accusantium vero sed et eligendi. Quibusdam voluptates et et natus. Excepturi sit qui voluptates optio dolor. Velit rem esse facilis deserunt voluptate sit. Sequi corrupti aut voluptatem reiciendis velit.', 208, 2, 22, '2019-02-02 09:36:21', '2019-02-02 09:36:21'),
(86, 'omnis', 'Suscipit dolorem veritatis dolore et asperiores molestias. Quia occaecati libero nesciunt quia iusto. Doloribus quasi eos amet numquam labore et incidunt. Minima voluptas accusamus eos quasi qui soluta neque voluptatibus.', 144, 6, 23, '2019-02-02 09:36:22', '2019-02-02 09:36:22'),
(87, 'rerum', 'Doloribus a fugit distinctio aut qui enim. Odio eum magnam et qui dolor et. Commodi impedit ut est voluptatum et aut. Iste ex distinctio neque repellat.', 896, 5, 26, '2019-02-02 09:36:22', '2019-02-02 09:36:22'),
(88, 'voluptas', 'Nulla odit aut aut. Voluptas in itaque velit non maiores. Dolorem aliquid rerum doloribus totam.', 307, 7, 12, '2019-02-02 09:36:22', '2019-02-02 09:36:22'),
(89, 'voluptates', 'Suscipit cumque quaerat natus nulla qui deserunt facere. Nisi amet aliquid cum sit ut et impedit. Sint id sint nesciunt quo.', 343, 9, 11, '2019-02-02 09:36:22', '2019-02-02 09:36:22'),
(90, 'sunt', 'Voluptatum unde sint quia ipsam quas quo repudiandae. Similique nihil repudiandae et nam enim nostrum repellendus. Dolores velit soluta aut suscipit laudantium accusamus.', 660, 0, 17, '2019-02-02 09:36:22', '2019-02-02 09:36:22'),
(91, 'nihil', 'Id dolorem quia quia. Id dolores dolore rerum earum officia. Fuga sed quos illo consectetur ut fugit consequuntur. Rem voluptatum fugiat fugit.', 869, 5, 24, '2019-02-02 09:36:22', '2019-02-02 09:36:22'),
(92, 'non', 'Autem impedit optio commodi voluptatibus. Quo id sunt minus. Velit dignissimos qui est exercitationem accusamus voluptatem expedita sint. Natus rerum quam nobis voluptatibus qui.', 532, 0, 22, '2019-02-02 09:36:22', '2019-02-02 09:36:22'),
(93, 'sequi', 'Nihil culpa animi iste accusantium. Et ut adipisci facilis debitis. Quibusdam quia quia cumque debitis. Voluptatum quam repudiandae praesentium commodi et et.', 846, 9, 30, '2019-02-02 09:36:22', '2019-02-02 09:36:22'),
(94, 'praesentium', 'Placeat repudiandae et beatae fugiat blanditiis repellendus iure. Et dolorum sit est nam alias sed praesentium. Illum quae dolorem atque itaque voluptatem doloremque aperiam.', 467, 9, 23, '2019-02-02 09:36:22', '2019-02-02 09:36:22'),
(95, 'impedit', 'Aut officiis molestiae explicabo sunt ea vitae. Fugit repellat corrupti dignissimos dolor ab. Repellendus ab quod odio et sunt.', 212, 3, 12, '2019-02-02 09:36:22', '2019-02-02 09:36:22'),
(96, 'aspernatur', 'Et excepturi quidem ullam et officiis. Aut non dolore atque nemo neque error. Atque adipisci ullam dolor.', 184, 0, 22, '2019-02-02 09:36:22', '2019-02-02 09:36:22'),
(97, 'adipisci', 'Voluptatem id quod eius repellendus molestiae doloremque saepe. Qui aperiam perspiciatis deleniti perferendis. Minima ex voluptatibus ut quidem omnis ipsum nisi.', 837, 1, 24, '2019-02-02 09:36:22', '2019-02-02 09:36:22'),
(98, 'commodi', 'Sit aut inventore quod. Qui veniam enim et voluptas et. Rerum laboriosam beatae aliquam sunt quasi incidunt.', 851, 8, 12, '2019-02-02 09:36:22', '2019-02-02 09:36:22'),
(99, 'possimus', 'Voluptate quis sint quod atque. Id tempore adipisci ducimus fugit. Vero optio cum numquam quae aut.', 282, 6, 15, '2019-02-02 09:36:22', '2019-02-02 09:36:22'),
(100, 'debitis', 'Beatae occaecati itaque fugit et. Aspernatur autem dolores eligendi rerum enim. Eos porro quis laboriosam. Sint rerum alias maxime non assumenda.', 371, 2, 19, '2019-02-02 09:36:22', '2019-02-02 09:36:22');

-- --------------------------------------------------------

--
-- Table structure for table `reviews`
--

CREATE TABLE `reviews` (
  `id` int(10) UNSIGNED NOT NULL,
  `product_id` int(10) UNSIGNED NOT NULL,
  `customer` varchar(191) COLLATE utf8mb4_unicode_ci NOT NULL,
  `review` text COLLATE utf8mb4_unicode_ci NOT NULL,
  `star` int(11) NOT NULL,
  `created_at` timestamp NULL DEFAULT NULL,
  `updated_at` timestamp NULL DEFAULT NULL
) ENGINE=InnoDB DEFAULT CHARSET=utf8mb4 COLLATE=utf8mb4_unicode_ci;

--
-- Dumping data for table `reviews`
--

INSERT INTO `reviews` (`id`, `product_id`, `customer`, `review`, `star`, `created_at`, `updated_at`) VALUES
(1, 62, 'Prof. Jamarcus Hettinger I', 'Harum nobis error sed nam possimus beatae. Mollitia sint quidem maiores non non voluptate et. In recusandae alias et. Cumque vel sapiente minima minus cum dolor.', 4, '2019-02-02 09:36:24', '2019-02-02 09:36:24'),
(2, 70, 'Stanton Denesik DDS', 'Officia non ab quibusdam. Illum molestias labore quia. Quia sunt ipsa ut fugit.', 5, '2019-02-02 09:36:24', '2019-02-02 09:36:24'),
(3, 83, 'Prof. Nicklaus Metz Jr.', 'Impedit non veniam ipsam cum qui. Et quia quis voluptatem natus. Sit nisi molestiae quia aut et perferendis. Ea saepe neque qui adipisci iusto velit.', 2, '2019-02-02 09:36:24', '2019-02-02 09:36:24'),
(4, 29, 'Eloisa Nikolaus', 'Est enim odio aut quos molestias non. Earum dolores laboriosam quo ut odio rerum voluptatem consequuntur. Et consectetur et minima qui in. Quis ut ipsam et ut in quia non tempore.', 3, '2019-02-02 09:36:24', '2019-02-02 09:36:24'),
(5, 48, 'Mr. Andy Stanton', 'Omnis voluptate autem maxime voluptate. Omnis aut ut officia fugit eligendi ea enim. Eligendi officiis excepturi necessitatibus commodi animi magni. Eius modi saepe rem impedit eum porro hic.', 5, '2019-02-02 09:36:25', '2019-02-02 09:36:25'),
(6, 90, 'Edwin Aufderhar', 'Nihil tempora quia unde eveniet. Cum voluptas accusamus vero magni nemo non est voluptatibus. Nemo alias doloribus quidem quia. Autem doloremque aut et cupiditate aut.', 2, '2019-02-02 09:36:25', '2019-02-02 09:36:25'),
(7, 71, 'Dr. Craig Frami MD', 'Autem eum rerum rerum inventore ut. Omnis aut id rerum reprehenderit sed autem. Iusto sapiente quos deserunt mollitia labore nemo corporis animi. Magni est odio quos corporis dicta ut nesciunt. Nulla aut quod blanditiis excepturi.', 5, '2019-02-02 09:36:25', '2019-02-02 09:36:25'),
(8, 36, 'Nickolas Rutherford', 'Incidunt ut voluptatem fuga quasi est nostrum aliquam natus. Magni ut vel aut velit eius dolorem nemo iusto. Corporis tenetur corrupti nisi numquam eum assumenda.', 1, '2019-02-02 09:36:25', '2019-02-02 09:36:25'),
(9, 33, 'Ed Dickinson', 'Alias illo sint id natus. Ut et laborum molestiae facilis dolor. Rerum magnam et et assumenda dignissimos soluta. Repudiandae assumenda eius quidem est quos et.', 1, '2019-02-02 09:36:25', '2019-02-02 09:36:25'),
(10, 64, 'Palma Huel', 'Neque veniam quos sunt illo itaque error corporis. Dolor nisi error maiores impedit placeat minus. Nihil dolorum corporis et dolorem sed dicta et incidunt. Nihil dolorum sint excepturi vero explicabo aut.', 1, '2019-02-02 09:36:25', '2019-02-02 09:36:25'),
(11, 24, 'Murray Baumbach II', 'Maxime tenetur deserunt quis quis voluptas delectus iure. Perspiciatis reiciendis quos officiis corporis hic et. Accusamus consequatur debitis vero tempore reprehenderit deleniti error.', 1, '2019-02-02 09:36:25', '2019-02-02 09:36:25'),
(12, 93, 'Fay Muller', 'Perferendis ut et quibusdam est autem cupiditate adipisci. Autem tempora harum non aut necessitatibus. Recusandae error eos aspernatur qui quasi architecto architecto. Quod optio vel autem ullam.', 5, '2019-02-02 09:36:25', '2019-02-02 09:36:25'),
(13, 9, 'Mckenzie Davis', 'Quia dolorem officia numquam assumenda ipsa repellat aut. Reprehenderit culpa molestiae suscipit. Soluta quam mollitia fugiat velit itaque placeat explicabo. Ipsa deserunt et et sapiente repellat deleniti voluptatem assumenda. Eum quos voluptas dolore quisquam voluptas sunt.', 5, '2019-02-02 09:36:25', '2019-02-02 09:36:25'),
(14, 49, 'Levi Towne', 'Ut nulla eligendi vel qui iure error ipsum. Consequuntur eligendi ut fugiat saepe voluptas quis est. Quod at aut facere delectus voluptas rerum fugiat eveniet. Ratione voluptate qui qui ut. Voluptatum impedit sit ea quis.', 3, '2019-02-02 09:36:25', '2019-02-02 09:36:25'),
(15, 54, 'Rosalinda Padberg MD', 'Non necessitatibus assumenda consequatur sint voluptas vel libero. Quo minima molestiae eum. Delectus cumque quae vero sunt deserunt corporis. Fugit ad aut vel animi architecto ex.', 2, '2019-02-02 09:36:25', '2019-02-02 09:36:25'),
(16, 2, 'Dr. Madelyn Stehr I', 'Saepe et adipisci nostrum deleniti exercitationem earum. Rem et et voluptatibus facilis magni. Illo quasi voluptates veniam asperiores deserunt eum.', 3, '2019-02-02 09:36:26', '2019-02-02 09:36:26'),
(17, 11, 'Lauren McLaughlin', 'Et ab quas qui quia dolor quisquam consequuntur. Id ut tempore et vel iusto qui ea.', 5, '2019-02-02 09:36:26', '2019-02-02 09:36:26'),
(18, 79, 'Dr. Vincenza Crona', 'Ut eum error earum. Veritatis nobis voluptatem hic qui doloremque sunt laboriosam. Deleniti deleniti quo modi voluptatem voluptatem consequatur quibusdam officia. Voluptatem qui velit tempora et inventore.', 2, '2019-02-02 09:36:26', '2019-02-02 09:36:26'),
(19, 68, 'Misty Mills II', 'Rerum accusamus eligendi ducimus quia. Nulla reprehenderit possimus odio dolores expedita voluptate. Sapiente fugiat officia quia aut.', 4, '2019-02-02 09:36:26', '2019-02-02 09:36:26'),
(20, 54, 'Rafaela Hegmann II', 'Numquam similique accusamus voluptatem qui illo. Reiciendis reiciendis dolore occaecati doloribus mollitia.', 5, '2019-02-02 09:36:26', '2019-02-02 09:36:26'),
(21, 27, 'Adah Larson', 'Nam commodi omnis similique adipisci. Velit harum velit veritatis sit eius deserunt vel mollitia. Pariatur tempore aut quas pariatur. Et quasi qui dolorem dicta.', 2, '2019-02-02 09:36:26', '2019-02-02 09:36:26'),
(22, 79, 'Mabelle Ward', 'Impedit est dolores officia vel ut exercitationem. Nam necessitatibus enim facilis molestiae voluptas veniam maxime. Ut delectus aut odit et adipisci quas. Et voluptas ad dolorem quam ipsam. Beatae et nihil optio sit eligendi non sint omnis.', 5, '2019-02-02 09:36:26', '2019-02-02 09:36:26'),
(23, 5, 'Alessandra Smitham', 'Eum necessitatibus molestiae exercitationem beatae a enim. Numquam id et distinctio et quod aut. Libero non nostrum quia.', 5, '2019-02-02 09:36:26', '2019-02-02 09:36:26'),
(24, 6, 'Edythe Schowalter', 'Aut ab fuga odio esse assumenda qui vitae. Blanditiis cupiditate est illum distinctio nesciunt maxime. Pariatur et quod amet et.', 4, '2019-02-02 09:36:26', '2019-02-02 09:36:26'),
(25, 37, 'Cyril Kihn', 'Aut non est et. Eos qui rem voluptas ut omnis repellat. Quia sint excepturi est et perspiciatis. Aut quia commodi dolore quasi et ut.', 2, '2019-02-02 09:36:26', '2019-02-02 09:36:26'),
(26, 73, 'Merle Hamill', 'Quia rerum consectetur eos et cumque dicta. Omnis dolorem voluptas quisquam placeat eaque porro in. Qui laboriosam omnis praesentium illo temporibus. A incidunt molestiae quis soluta ipsum sed.', 2, '2019-02-02 09:36:26', '2019-02-02 09:36:26'),
(27, 8, 'Armando Weber DVM', 'Qui doloremque libero quas quo rerum dolore amet. Eos perferendis enim expedita ut. Tenetur facilis nulla repellendus eaque. Eos vel eum sapiente voluptas sed.', 1, '2019-02-02 09:36:27', '2019-02-02 09:36:27'),
(28, 65, 'Emmet Stracke', 'Et sed et esse beatae. Veritatis quos aut est eaque omnis nihil autem. Excepturi rerum explicabo ratione est repudiandae doloribus. Blanditiis et repellat fuga libero voluptate.', 5, '2019-02-02 09:36:27', '2019-02-02 09:36:27'),
(29, 29, 'Jaeden Morissette', 'Exercitationem voluptatem aperiam nihil repellendus iusto nesciunt. Aliquid odio quis ipsam explicabo laboriosam consequatur vel omnis. Quo occaecati a dolorem exercitationem deserunt. Excepturi voluptate omnis consequatur vero vel consequatur accusantium.', 2, '2019-02-02 09:36:27', '2019-02-02 09:36:27'),
(30, 75, 'Nelda Rodriguez V', 'Culpa asperiores est vel aut non tempore tempore. Impedit hic beatae qui in eos rem qui in. Qui iste sit ut eius quis eligendi nostrum. Corporis quos itaque cupiditate maxime tempore. Nihil et iste minus.', 3, '2019-02-02 09:36:27', '2019-02-02 09:36:27'),
(31, 83, 'Sylvester Boyle', 'Cupiditate animi in quia ullam culpa esse. Unde et laboriosam harum inventore minima ut. Autem quaerat rerum eos occaecati. Eligendi quidem totam sit omnis ab nobis voluptate.', 4, '2019-02-02 09:36:27', '2019-02-02 09:36:27'),
(32, 65, 'Terence Lowe PhD', 'Dolorem et dolorem sit numquam exercitationem. Eveniet pariatur quo aut hic mollitia quod quia. Quam vel eveniet similique dolorem.', 4, '2019-02-02 09:36:27', '2019-02-02 09:36:27'),
(33, 77, 'Verna Harvey', 'Error maiores et beatae eos. Est architecto quia non voluptatum aspernatur. Sed quos modi alias placeat veritatis incidunt.', 3, '2019-02-02 09:36:27', '2019-02-02 09:36:27'),
(34, 37, 'Sandrine Orn DDS', 'Unde dolorem modi sequi sunt amet. Et voluptates et facere amet nesciunt. Itaque molestiae ipsum voluptas magni sed qui. Est odio consequatur dolores praesentium vel.', 4, '2019-02-02 09:36:27', '2019-02-02 09:36:27'),
(35, 51, 'Ben Upton', 'Qui quo id et laborum explicabo dignissimos. Tempora eius in ut sed aperiam corporis reprehenderit. Recusandae iste nam sit consequuntur cupiditate voluptatem. Necessitatibus reprehenderit amet et dolorem quod illum officia.', 2, '2019-02-02 09:36:27', '2019-02-02 09:36:27'),
(36, 46, 'Madge Prohaska II', 'Provident sapiente est accusantium. Autem blanditiis eveniet ut quibusdam necessitatibus cum corrupti consequatur. Magnam repudiandae cum accusantium ut inventore doloribus. Ab exercitationem et iure quis recusandae.', 5, '2019-02-02 09:36:28', '2019-02-02 09:36:28'),
(37, 79, 'Kaden Raynor MD', 'Earum omnis deleniti id placeat et. Est voluptatem sed et ex at et animi.', 5, '2019-02-02 09:36:28', '2019-02-02 09:36:28'),
(38, 31, 'Prof. Carmelo Rippin I', 'Rem enim occaecati exercitationem culpa consequatur. Ullam voluptatem consequuntur qui ea enim non error similique. Sint hic amet ipsa expedita impedit necessitatibus dolores.', 4, '2019-02-02 09:36:28', '2019-02-02 09:36:28'),
(39, 1, 'Tod Wyman', 'Vitae sunt repellat sed temporibus laboriosam voluptatem. Omnis eum debitis consequatur et. Placeat facere vero est.', 3, '2019-02-02 09:36:28', '2019-02-02 09:36:28'),
(40, 10, 'Norris Kerluke', 'Aut animi voluptatem adipisci dolorem sunt. Quis illum nobis voluptas nostrum fuga.', 3, '2019-02-02 09:36:28', '2019-02-02 09:36:28'),
(41, 11, 'Wayne Dach', 'Dignissimos temporibus illum fugiat pariatur tempora consequatur. Nam sequi vitae sunt optio ratione similique. Quia placeat impedit asperiores aut expedita eum mollitia.', 2, '2019-02-02 09:36:28', '2019-02-02 09:36:28'),
(42, 41, 'Maynard Bode', 'Nostrum occaecati nam dolor fugit aspernatur. Eligendi aliquid dolor qui aut. Pariatur ipsa nisi mollitia culpa sed ut. Dolorem tempora cupiditate sit cupiditate in ea.', 1, '2019-02-02 09:36:28', '2019-02-02 09:36:28'),
(43, 84, 'Kory Hansen', 'Consequatur quis nam repudiandae voluptas illum numquam quasi dolores. Fuga dolor consequuntur voluptas. Nobis nostrum suscipit omnis aliquam. Quia culpa quae perspiciatis a.', 1, '2019-02-02 09:36:28', '2019-02-02 09:36:28'),
(44, 62, 'Chaim Kuhn I', 'Nulla quisquam libero et voluptatem tenetur. Aliquid et suscipit et suscipit sint aspernatur qui. Dolorem in vitae fuga cupiditate doloremque distinctio. Et rerum dolorem quia mollitia illo qui nisi.', 4, '2019-02-02 09:36:28', '2019-02-02 09:36:28'),
(45, 34, 'Ocie Lindgren', 'Sunt ut provident quia quia dolorem vero autem. Laborum blanditiis aspernatur ea voluptatem itaque optio. Est doloremque et quia dolorem aut ut. Sed itaque non est unde.', 3, '2019-02-02 09:36:28', '2019-02-02 09:36:28'),
(46, 51, 'Stella Nader', 'Et sed et aperiam velit quis distinctio. Pariatur alias quae mollitia. Nesciunt odit quod id aut. Voluptatibus aut animi facere dignissimos.', 2, '2019-02-02 09:36:28', '2019-02-02 09:36:28'),
(47, 66, 'Adolf Bergnaum', 'Excepturi quo tempore cumque suscipit nemo rerum. Qui labore aut earum iste non. Voluptatem ab illo porro qui iure. Vel suscipit rem laboriosam sit. Consectetur fugiat voluptatem quod ullam impedit ea.', 1, '2019-02-02 09:36:28', '2019-02-02 09:36:28'),
(48, 96, 'Rosemarie Hansen', 'Deleniti culpa animi et. Minima fugit eos optio iure eius nihil possimus. Repudiandae dolores voluptatem ea ipsam exercitationem. Animi corporis ducimus minus quo eum quidem.', 5, '2019-02-02 09:36:28', '2019-02-02 09:36:28'),
(49, 37, 'Dr. Russel Armstrong', 'Voluptate et voluptatem sed velit explicabo amet officia. Corrupti voluptatem iste est nisi. Fugiat ut dolorem ab explicabo quasi voluptate id. Ea sint sint tempore accusantium et vitae fugiat nisi.', 4, '2019-02-02 09:36:28', '2019-02-02 09:36:28'),
(50, 51, 'Miss Matilde Dickinson Jr.', 'Maiores vel placeat esse aut beatae itaque. Veniam nam non et tempore modi sed. Architecto et fugit qui.', 3, '2019-02-02 09:36:29', '2019-02-02 09:36:29'),
(51, 94, 'Brice Torp V', 'Iste velit voluptatem facere distinctio veniam asperiores at. Qui quae eveniet molestias sint ipsam quisquam quam sit. Quia sint voluptatem quo est accusamus. Veniam inventore omnis ut dolor fuga est voluptate.', 4, '2019-02-02 09:36:29', '2019-02-02 09:36:29'),
(52, 60, 'Miss Mireya Emmerich', 'Nam molestiae consequatur tempora et illum ad eum nihil. Laudantium sit voluptates eaque commodi et. Cupiditate officiis corrupti reiciendis eum. Ut occaecati consequatur eaque esse doloribus similique ducimus.', 4, '2019-02-02 09:36:29', '2019-02-02 09:36:29'),
(53, 48, 'Mr. Rodrick Daniel', 'Voluptates natus quo recusandae. Blanditiis error eius perspiciatis enim cumque. Modi ratione est sit et vel sint.', 3, '2019-02-02 09:36:29', '2019-02-02 09:36:29'),
(54, 63, 'Kiley Mante', 'Vitae minima animi hic excepturi. Dolores incidunt autem consequatur deserunt. Sunt animi maiores aut cumque.', 4, '2019-02-02 09:36:29', '2019-02-02 09:36:29'),
(55, 75, 'Kamron O\'Kon', 'Ullam nemo molestiae ad ipsum sunt nemo quasi. Non est et similique temporibus rerum alias omnis voluptatum. Fuga veritatis sunt officia ut ut numquam. Temporibus rerum suscipit voluptates quo eligendi ipsum a.', 4, '2019-02-02 09:36:29', '2019-02-02 09:36:29'),
(56, 19, 'Sterling Kunde', 'Possimus sed quae nihil. Optio laborum nihil quaerat excepturi. Deleniti odit eos labore exercitationem neque aperiam sunt. Dolore in perspiciatis veniam repellendus.', 1, '2019-02-02 09:36:29', '2019-02-02 09:36:29'),
(57, 54, 'Dr. Joel Schiller I', 'Officia eaque similique omnis porro rerum. Ab rerum aspernatur nobis neque eos aspernatur blanditiis. Rerum sit iure iusto.', 5, '2019-02-02 09:36:29', '2019-02-02 09:36:29'),
(58, 48, 'Viola Bogan', 'Amet molestiae enim veritatis facere. Consectetur quasi ea eum. Tempora et officia atque repudiandae. Non maxime sed rerum commodi illo voluptates necessitatibus.', 3, '2019-02-02 09:36:29', '2019-02-02 09:36:29'),
(59, 82, 'Prof. Caleb Cole I', 'Nisi culpa qui est enim. Distinctio ea eum delectus eligendi nisi. Natus ut maiores velit et impedit ullam.', 4, '2019-02-02 09:36:29', '2019-02-02 09:36:29'),
(60, 12, 'Mr. Maverick Hoeger', 'Dignissimos nulla nemo fuga qui voluptatem. Ex impedit dignissimos deleniti ab itaque unde. At doloremque est voluptates vel totam. Provident incidunt consequatur est eaque.', 5, '2019-02-02 09:36:29', '2019-02-02 09:36:29'),
(61, 63, 'Keagan Greenholt', 'Dolores et ut aut aut ea voluptatem. Architecto quisquam asperiores aut maxime. Hic quo adipisci aspernatur eius minima aliquid sit numquam. Qui illo reprehenderit sunt consequuntur aspernatur consequatur voluptas.', 1, '2019-02-02 09:36:29', '2019-02-02 09:36:29'),
(62, 31, 'Therese Bartoletti', 'Velit ab numquam corporis voluptates vitae animi est. Iusto animi qui nesciunt quisquam animi qui in. Eos quasi sit dolore autem. Ab atque explicabo facere consequuntur voluptates.', 1, '2019-02-02 09:36:30', '2019-02-02 09:36:30'),
(63, 84, 'Misty Lynch', 'Quia qui quae harum rerum. Consectetur error voluptas voluptas hic voluptas. Accusantium similique iure sit quis repellat. Magni est asperiores cumque quas deleniti.', 5, '2019-02-02 09:36:30', '2019-02-02 09:36:30'),
(64, 37, 'Dr. America Treutel I', 'Rerum eaque culpa et. Atque dolores inventore consectetur assumenda amet. A repellat autem aliquam minus.', 5, '2019-02-02 09:36:30', '2019-02-02 09:36:30'),
(65, 8, 'Velva O\'Connell DDS', 'Repudiandae corrupti quibusdam aut est omnis voluptates dignissimos. Consequatur et labore in natus. Minus corrupti sed occaecati laboriosam odio. A a in unde non tempora velit aspernatur.', 5, '2019-02-02 09:36:30', '2019-02-02 09:36:30'),
(66, 75, 'Pearl Hodkiewicz DVM', 'Mollitia aspernatur velit natus dolorem repudiandae. Praesentium quia veritatis aut voluptatem qui. Laboriosam sequi qui voluptatem quis distinctio voluptatem.', 3, '2019-02-02 09:36:30', '2019-02-02 09:36:30'),
(67, 15, 'Alden Beier', 'Saepe qui odio molestiae ipsa fugit autem accusantium. Et ut aut officia earum. Quasi eligendi deserunt harum ducimus vero.', 5, '2019-02-02 09:36:30', '2019-02-02 09:36:30'),
(68, 60, 'Ernestine Parker', 'Tempore nihil error aut consequatur. Eligendi ea perferendis sed mollitia distinctio.', 2, '2019-02-02 09:36:30', '2019-02-02 09:36:30'),
(69, 49, 'Nyasia Crist', 'Rerum officiis placeat atque corrupti assumenda atque quis. Molestiae culpa ut sed eum tempora est fugiat quia. Sit eveniet tenetur non dolorem quidem cumque voluptatem possimus.', 1, '2019-02-02 09:36:30', '2019-02-02 09:36:30'),
(70, 18, 'Antwan Ruecker I', 'Qui soluta nulla iste repellendus. Minima tenetur molestiae ducimus. Autem iure unde vitae ex nihil omnis. Adipisci nemo nihil qui provident nam illo.', 5, '2019-02-02 09:36:30', '2019-02-02 09:36:30'),
(71, 95, 'Gail Harber', 'Vero totam sunt et ullam. Consequatur qui aspernatur eum vel dolor repellat maiores modi.', 2, '2019-02-02 09:36:30', '2019-02-02 09:36:30'),
(72, 10, 'Dr. Antonina Torphy', 'Vero est cumque earum cum. Qui magni omnis porro beatae omnis. Voluptatem qui pariatur et.', 5, '2019-02-02 09:36:30', '2019-02-02 09:36:30'),
(73, 82, 'Dr. Waino Hodkiewicz', 'Quia qui aperiam nisi. Quidem eos velit vel et. Soluta nesciunt quia suscipit accusamus praesentium odit. Harum facilis quaerat nobis atque.', 4, '2019-02-02 09:36:30', '2019-02-02 09:36:30'),
(74, 17, 'Lindsay Bernier', 'Non ut exercitationem et nisi. Modi consequatur aut numquam eos laborum ad enim. Officiis deleniti mollitia vel dolor sunt atque.', 4, '2019-02-02 09:36:31', '2019-02-02 09:36:31'),
(75, 79, 'Edison Spinka PhD', 'Accusamus cumque ab maiores alias. Accusantium nemo eum dignissimos ad totam. Asperiores labore nesciunt cumque voluptatum voluptatem molestias. Iste optio eum ullam.', 1, '2019-02-02 09:36:31', '2019-02-02 09:36:31'),
(76, 48, 'Ms. Jermaine Braun IV', 'Sequi quos deleniti qui officiis in in beatae. Placeat ea nam corrupti dolorum placeat dolorem. Et et eos dolorem aut qui excepturi.', 5, '2019-02-02 09:36:31', '2019-02-02 09:36:31'),
(77, 1, 'Dr. Liliana Beer I', 'Itaque pariatur qui assumenda architecto consequuntur. Non magnam voluptatum eius. Quas ea suscipit ratione aut cupiditate. Quia harum et itaque fuga rerum omnis.', 3, '2019-02-02 09:36:31', '2019-02-02 09:36:31'),
(78, 18, 'Kathryne Kulas MD', 'Aperiam praesentium officiis praesentium officiis sed sed ex. Amet enim omnis ab deserunt assumenda enim molestias.', 3, '2019-02-02 09:36:31', '2019-02-02 09:36:31'),
(79, 51, 'Mr. Godfrey Bradtke', 'Aut est et consequatur et voluptatem sequi nam qui. Itaque suscipit accusantium voluptatem aut libero veritatis. Beatae voluptatibus enim et voluptatem molestiae et facilis.', 4, '2019-02-02 09:36:31', '2019-02-02 09:36:31'),
(80, 54, 'Bradly Cummings', 'Aut illo enim ipsam. Voluptas inventore id omnis et eos. Dolorum et aut dolores exercitationem.', 3, '2019-02-02 09:36:31', '2019-02-02 09:36:31'),
(81, 64, 'Kylie Collier', 'Voluptas quasi totam non explicabo aut hic. Qui voluptatibus id repudiandae laborum sit doloribus. Eveniet facilis quidem dolore suscipit eos. Voluptas sint ut omnis cum.', 3, '2019-02-02 09:36:31', '2019-02-02 09:36:31'),
(82, 93, 'Ms. Christa Shields', 'Sit reprehenderit unde in iusto. Est ea aliquid nobis aut sunt enim. Qui voluptate quaerat aut repellendus. Reprehenderit enim in voluptatem explicabo.', 5, '2019-02-02 09:36:31', '2019-02-02 09:36:31'),
(83, 17, 'Prof. Jeanette Pfannerstill DVM', 'Aut aut iusto repellendus eum adipisci consectetur. Sit et similique dicta est. Nemo quo soluta et. Autem est consectetur maxime facilis saepe natus.', 4, '2019-02-02 09:36:31', '2019-02-02 09:36:31'),
(84, 11, 'Suzanne Gulgowski', 'Ex saepe dolorem quaerat eius enim necessitatibus. Cum excepturi reprehenderit voluptatem voluptatem quasi pariatur. Vel tenetur occaecati consequuntur omnis expedita dolor sapiente.', 4, '2019-02-02 09:36:31', '2019-02-02 09:36:31'),
(85, 46, 'Prof. Orpha Bahringer', 'Corporis autem aut ut tempore autem cupiditate rem. Quia numquam alias et dolore. A architecto numquam velit rerum sequi.', 1, '2019-02-02 09:36:32', '2019-02-02 09:36:32'),
(86, 24, 'Dashawn Hilpert III', 'Cumque et reiciendis et sed et. Dolor temporibus illo harum ratione. Et cumque adipisci repellat dicta.', 4, '2019-02-02 09:36:32', '2019-02-02 09:36:32'),
(87, 70, 'Lesley Huels', 'Nihil illum tempora ea ut. Doloribus excepturi laboriosam id dolor voluptas. Doloribus recusandae necessitatibus nesciunt nulla. Exercitationem suscipit error nam quia unde. Rerum deserunt officia voluptates ratione sapiente.', 1, '2019-02-02 09:36:32', '2019-02-02 09:36:32'),
(88, 37, 'Prof. Rubie Cremin Jr.', 'Ut voluptatem quaerat quia molestias consequuntur. Eum similique quis ut explicabo similique nesciunt. Et reiciendis eum corporis inventore maiores. Velit soluta at at ut.', 5, '2019-02-02 09:36:32', '2019-02-02 09:36:32'),
(89, 37, 'Precious Wintheiser PhD', 'Consequatur est nihil laboriosam. Nostrum modi dolores repellendus odio distinctio eum. Et ad est eos placeat iure et sit. A voluptatem dolorem sapiente labore aut atque. Dolor praesentium perferendis nam ut.', 3, '2019-02-02 09:36:32', '2019-02-02 09:36:32'),
(90, 75, 'Ebba Nolan', 'Repudiandae tempore dicta earum nulla pariatur facere. Et architecto veniam voluptates voluptas doloremque eaque accusamus. Quidem quis voluptatem eos vitae. Magnam placeat blanditiis iusto minus labore explicabo mollitia.', 5, '2019-02-02 09:36:32', '2019-02-02 09:36:32'),
(91, 24, 'Vita Ebert', 'Quae at modi numquam laborum natus eveniet molestiae. Ut omnis doloribus eveniet facilis doloribus dolor tempora. Officia placeat distinctio architecto voluptatem impedit consequatur placeat.', 3, '2019-02-02 09:36:32', '2019-02-02 09:36:32'),
(92, 89, 'Earl Crist', 'Consequatur aut error veritatis qui. Quia nihil placeat deserunt voluptatem animi exercitationem aut. Commodi ipsam eum illo id. Ullam dolorum dolorum veritatis deserunt sunt ut.', 3, '2019-02-02 09:36:32', '2019-02-02 09:36:32'),
(93, 84, 'Joseph White', 'Qui impedit eos odit ab. Fugiat deserunt consequatur nihil aliquid similique. Sint consequuntur possimus veniam et laudantium. Possimus repellendus beatae nostrum iste molestias.', 4, '2019-02-02 09:36:32', '2019-02-02 09:36:32'),
(94, 87, 'Zoie Schiller V', 'Optio minus placeat modi rem. Reprehenderit ut qui nam aut. Ut cupiditate eaque veniam delectus a qui.', 4, '2019-02-02 09:36:32', '2019-02-02 09:36:32'),
(95, 98, 'Katlyn Bartell', 'Aut voluptatem sapiente eius ut vel ut quaerat. Quasi ipsam non sunt quo. Voluptatum adipisci cum beatae deleniti odit et. Porro veniam est enim est laborum tempore repellendus.', 5, '2019-02-02 09:36:32', '2019-02-02 09:36:32'),
(96, 87, 'John Blick', 'Tenetur odit quia totam doloremque corporis totam quidem quod. Voluptas qui dolorem quod reiciendis molestias. Ex ea eaque quas et. Facere ipsa autem aut aliquid officiis ut sint minima.', 3, '2019-02-02 09:36:32', '2019-02-02 09:36:32'),
(97, 6, 'Mrs. Maybelle Kovacek', 'Placeat qui repellat quisquam omnis. Sed fugiat dicta dolorem dicta non ad. Cumque molestiae perferendis tempore aut aut ea voluptas. Asperiores nisi itaque voluptas debitis laboriosam error ea voluptas.', 1, '2019-02-02 09:36:32', '2019-02-02 09:36:32'),
(98, 66, 'Shania Bruen', 'Facilis omnis alias omnis distinctio. Enim maiores nesciunt nulla ipsum laudantium. Ipsa qui voluptas consectetur labore libero iure.', 3, '2019-02-02 09:36:32', '2019-02-02 09:36:32'),
(99, 68, 'Darby Kohler MD', 'Sed error quae similique omnis dolor reiciendis amet. Enim odio voluptatem laborum ut. Sit recusandae maxime eum quisquam consequatur facere cupiditate.', 3, '2019-02-02 09:36:33', '2019-02-02 09:36:33'),
(100, 8, 'Triston Effertz', 'Labore ad veritatis sed ex eos qui sit. Quia expedita cum sit accusamus iste ipsum molestiae commodi. Eos ex a autem facilis qui cumque.', 2, '2019-02-02 09:36:33', '2019-02-02 09:36:33'),
(101, 8, 'Cassie Botsford', 'Sunt laudantium unde quia blanditiis pariatur vero. Sunt unde sed porro repellendus. Tempore iste vel ut a enim voluptatem. Molestias dicta consequatur id incidunt laudantium saepe cumque quasi.', 5, '2019-02-02 09:36:33', '2019-02-02 09:36:33'),
(102, 27, 'Wyman Powlowski', 'Non est tenetur enim dicta eos vel. Repudiandae et voluptates dignissimos et quisquam voluptatem similique. Inventore quo corporis aliquid sed veniam dolore eos.', 2, '2019-02-02 09:36:33', '2019-02-02 09:36:33'),
(103, 25, 'Dayana Williamson', 'Ut officia inventore eum qui. Laborum beatae et ut vel ex. Eaque molestias et non non.', 5, '2019-02-02 09:36:33', '2019-02-02 09:36:33'),
(104, 43, 'Angeline Kub', 'Neque et qui culpa omnis ut aut sapiente. Rerum aut reprehenderit at sapiente ut. Corrupti odit consequatur officia ut inventore id eos. Impedit sed corporis nam amet.', 5, '2019-02-02 09:36:33', '2019-02-02 09:36:33'),
(105, 76, 'Kendall Walker', 'Quod autem laborum sapiente enim officiis atque cum. Optio debitis qui ipsam reprehenderit. Ut qui corrupti in consequatur. Nulla delectus dolorem at.', 4, '2019-02-02 09:36:33', '2019-02-02 09:36:33'),
(106, 91, 'Marlen Botsford', 'Tempora sint fugiat reiciendis culpa iure. Officiis sequi quia saepe labore qui quia corrupti. Qui debitis enim ut saepe. Ut animi quia qui id mollitia ut iusto.', 1, '2019-02-02 09:36:33', '2019-02-02 09:36:33'),
(107, 25, 'Dr. Kennedi Wilkinson', 'Dolorum sunt quia ut et. Ratione reprehenderit quasi possimus omnis. Sint sed necessitatibus culpa. Ut libero nihil enim voluptate rerum quos sint. Eos voluptates illum consequatur perferendis incidunt corrupti doloremque.', 4, '2019-02-02 09:36:33', '2019-02-02 09:36:33'),
(108, 99, 'Cristina Bashirian IV', 'Et voluptatibus eveniet et porro alias voluptatem similique. Sed velit non iusto eum. Dolorum ab deserunt doloribus et in ad velit voluptas. Qui itaque ut possimus tempora. Qui iusto rerum itaque voluptatibus magni ipsam repellendus.', 2, '2019-02-02 09:36:33', '2019-02-02 09:36:33'),
(109, 14, 'Missouri Schaden', 'Eligendi a sint consequatur ut. Accusantium occaecati beatae est deleniti eum. Omnis consequatur consequatur ullam occaecati nesciunt. Qui cupiditate ipsam itaque quis.', 2, '2019-02-02 09:36:34', '2019-02-02 09:36:34'),
(110, 79, 'Christopher Roob', 'Quas voluptas quia qui ipsa nihil qui. Asperiores aspernatur enim hic officia quia est. Aut officia molestiae omnis quis. Dolor quia corporis officia veniam.', 3, '2019-02-02 09:36:34', '2019-02-02 09:36:34'),
(111, 69, 'Miss Francesca Koch', 'Non et at omnis repellat. Maiores impedit soluta nesciunt quia a. Itaque eaque qui temporibus quisquam quam voluptates qui occaecati. Corporis omnis impedit sapiente doloribus voluptas aliquam similique.', 2, '2019-02-02 09:36:34', '2019-02-02 09:36:34'),
(112, 27, 'Harrison Rice', 'Repudiandae voluptatum mollitia modi delectus unde nulla possimus unde. Soluta voluptates labore ut et voluptates aliquam corporis. Molestias in dignissimos debitis inventore quam aperiam. Facere voluptatem tenetur aut et harum. Non nesciunt molestiae ut quaerat molestiae.', 4, '2019-02-02 09:36:34', '2019-02-02 09:36:34'),
(113, 44, 'Marjory Wisoky IV', 'Et dolor dolor deleniti ut quam qui. Vel mollitia ad odit. Aperiam beatae labore quam rerum et.', 4, '2019-02-02 09:36:34', '2019-02-02 09:36:34'),
(114, 81, 'Rita Ullrich', 'Dolorem alias quis fuga occaecati provident sint. Laudantium commodi est nesciunt cum error voluptatem labore. Architecto cumque sint ut quia consequatur laborum. Itaque officiis pariatur doloremque porro.', 4, '2019-02-02 09:36:34', '2019-02-02 09:36:34'),
(115, 59, 'Myrna Nikolaus', 'Ut nihil voluptatem facere porro. Repellat aspernatur et tempora qui. Debitis qui eum omnis nam.', 5, '2019-02-02 09:36:34', '2019-02-02 09:36:34'),
(116, 51, 'Miss Adaline Hilpert', 'Magnam distinctio qui voluptates possimus autem officiis possimus voluptatibus. Adipisci rem facere labore ad praesentium delectus voluptas sit. Vel praesentium et culpa aut et. Aspernatur voluptas asperiores aut ipsum beatae in in.', 5, '2019-02-02 09:36:34', '2019-02-02 09:36:34'),
(117, 52, 'Prof. Michel Schoen', 'Aut officiis unde sunt architecto ut iste. Quisquam nobis quis fuga non.', 1, '2019-02-02 09:36:34', '2019-02-02 09:36:34'),
(118, 92, 'Dr. Cristopher Franecki', 'Voluptatibus temporibus exercitationem recusandae ipsam aliquam. Veritatis sint itaque sequi ullam alias. Sunt aut dolorem nobis. Aut omnis sed aliquid nesciunt at dolor porro.', 2, '2019-02-02 09:36:34', '2019-02-02 09:36:34'),
(119, 53, 'Mollie Gulgowski', 'Dignissimos qui aliquid consequatur et voluptatibus quos sequi. Quas sunt iste omnis sint inventore aut. Molestiae sed delectus laudantium autem.', 3, '2019-02-02 09:36:35', '2019-02-02 09:36:35'),
(120, 19, 'Jovany Sanford', 'Eum quidem porro asperiores maxime et. Voluptatem ad consequatur ipsum voluptas. Est voluptas perspiciatis voluptas qui iusto consequatur officia.', 2, '2019-02-02 09:36:35', '2019-02-02 09:36:35'),
(121, 50, 'Eva Abshire', 'Soluta officiis voluptatum illum dolorem aut. Officia nesciunt voluptatem commodi numquam exercitationem. Qui eius nihil quia voluptas delectus molestiae.', 2, '2019-02-02 09:36:35', '2019-02-02 09:36:35'),
(122, 88, 'Lavern Herman', 'Omnis voluptatem tempore necessitatibus aperiam. Voluptatem nobis velit facilis non.', 4, '2019-02-02 09:36:35', '2019-02-02 09:36:35'),
(123, 83, 'Madisyn Farrell DVM', 'Facilis aperiam ratione enim repudiandae animi. Quisquam suscipit corporis sapiente nesciunt omnis sit aliquam. Quibusdam repudiandae sequi aperiam et est.', 2, '2019-02-02 09:36:35', '2019-02-02 09:36:35'),
(124, 83, 'Angelita Dooley', 'Cumque porro assumenda nesciunt qui. Consequatur et provident aut incidunt perferendis et voluptatem. Magnam quia voluptatem quos ipsam.', 5, '2019-02-02 09:36:35', '2019-02-02 09:36:35'),
(125, 49, 'Lupe Carter', 'Voluptas in dolor aspernatur quis. Culpa commodi dolores voluptatem consequuntur mollitia quia qui. Sequi sunt ut unde omnis vitae. Explicabo eaque aut qui unde.', 5, '2019-02-02 09:36:35', '2019-02-02 09:36:35'),
(126, 68, 'Blanche Bernier', 'Voluptas quis sequi iste suscipit. Soluta harum recusandae iusto facilis dolores est accusantium. Veniam nihil vitae ex dolor et corporis. Culpa hic quo nesciunt molestiae.', 3, '2019-02-02 09:36:35', '2019-02-02 09:36:35'),
(127, 17, 'Miss Clarabelle Veum', 'Provident exercitationem maxime vitae omnis. Ullam sit harum nihil rem rem. Dolor velit est sed est consequatur vero. Facere voluptatem est non velit omnis. Consequuntur quasi corrupti perferendis.', 3, '2019-02-02 09:36:35', '2019-02-02 09:36:35'),
(128, 6, 'Korbin Russel', 'Et veniam quasi ea. Tempora vero incidunt laudantium.', 5, '2019-02-02 09:36:35', '2019-02-02 09:36:35'),
(129, 92, 'Arielle Rippin', 'Aperiam vero aut labore quidem aut fugiat voluptatem. Magnam nisi laudantium et qui illum. Dolores cumque enim veniam deleniti.', 2, '2019-02-02 09:36:35', '2019-02-02 09:36:35'),
(130, 34, 'Gina Eichmann IV', 'Voluptates doloribus autem eaque et veritatis. Nihil deserunt ducimus id fugiat atque animi. Ab quod eos aut nulla accusantium dolore ut.', 3, '2019-02-02 09:36:36', '2019-02-02 09:36:36'),
(131, 44, 'Prof. Camilla Olson', 'Tempore aliquam rerum cupiditate velit ut. Molestiae aut quos nisi nobis non. Voluptas ratione facilis alias qui.', 3, '2019-02-02 09:36:36', '2019-02-02 09:36:36'),
(132, 17, 'Kenyatta Kautzer', 'Sint et ullam aliquid dolor explicabo quas. Molestias et quos voluptas omnis dolorum minus atque. Incidunt ex beatae et voluptatem. Dolore magni deserunt aut est enim.', 3, '2019-02-02 09:36:36', '2019-02-02 09:36:36'),
(133, 40, 'Tyra Kilback', 'Et doloremque reprehenderit ut iusto enim est. Quos cumque ipsa dolor aut quisquam veniam non. Illo asperiores quia praesentium qui ab et. Cum perferendis ab ullam deleniti consequuntur saepe.', 1, '2019-02-02 09:36:36', '2019-02-02 09:36:36'),
(134, 41, 'Aliyah Cummerata', 'Explicabo consequatur nam consequatur error autem. Sit incidunt totam at architecto. Quis et quis consequuntur et aperiam est quia. Quisquam distinctio et est quo quia sit sed qui. Eos illo odio nihil debitis.', 2, '2019-02-02 09:36:36', '2019-02-02 09:36:36'),
(135, 85, 'Maida Carroll', 'Excepturi modi rem maiores eligendi nobis. Autem sit et rerum aut. Omnis placeat optio magni temporibus ut.', 1, '2019-02-02 09:36:36', '2019-02-02 09:36:36'),
(136, 13, 'Francesca Frami', 'Atque consectetur fuga rerum aut sit explicabo. Ex consequuntur sit eum earum. Quo aut sed provident eligendi. Qui aut iure beatae voluptatem molestiae. Rerum distinctio quis minima enim error.', 4, '2019-02-02 09:36:36', '2019-02-02 09:36:36'),
(137, 37, 'Santiago Langworth', 'Velit sit voluptatem enim voluptates aut fugiat. Dolores repudiandae in tempora harum. Repellat culpa reprehenderit nesciunt. Sunt et in perferendis cupiditate consequuntur velit voluptas temporibus.', 1, '2019-02-02 09:36:36', '2019-02-02 09:36:36'),
(138, 26, 'Shanny Brekke', 'Ut occaecati ratione facere dolores incidunt iste nulla. Quas debitis facere blanditiis id veniam a molestiae. Ratione fugit iure sit sapiente eligendi.', 1, '2019-02-02 09:36:36', '2019-02-02 09:36:36'),
(139, 42, 'Soledad Lakin Jr.', 'Molestiae excepturi et delectus. Eum doloremque qui deserunt iste suscipit. Voluptatem error et dolor aut nihil. Dolores nemo optio non dolor omnis.', 1, '2019-02-02 09:36:36', '2019-02-02 09:36:36'),
(140, 33, 'Osborne Schimmel', 'In aut quia eum doloribus ut reiciendis ea provident. Voluptas quibusdam aut nihil debitis laborum. Rerum consequatur veritatis et aut. Ut quo ut expedita voluptas tempore rerum qui.', 3, '2019-02-02 09:36:36', '2019-02-02 09:36:36'),
(141, 59, 'Elyse Kovacek', 'Autem dolorem a ad magnam. Ipsum sit id voluptatum occaecati optio praesentium officiis. Doloribus qui reprehenderit dignissimos et cumque quidem non. Dolorem et eum autem reiciendis minima laborum esse et.', 2, '2019-02-02 09:36:37', '2019-02-02 09:36:37'),
(142, 46, 'Jazlyn Haley III', 'Molestias odit suscipit commodi sequi deserunt dolorem pariatur molestias. Aliquam repellat eos quia ut nihil atque. Sit laboriosam dolor quis autem inventore qui. Eveniet et optio consequatur aut aut saepe vel.', 5, '2019-02-02 09:36:37', '2019-02-02 09:36:37'),
(143, 58, 'Marian O\'Keefe', 'Sint minima delectus quo aut. Autem ut error ab est facilis pariatur dolorum. Fugit pariatur labore laborum ut quibusdam. Dolore sunt perferendis accusamus voluptatem neque.', 5, '2019-02-02 09:36:37', '2019-02-02 09:36:37'),
(144, 45, 'Hunter Jakubowski V', 'Sed eius excepturi optio quia. Dolorem ratione quisquam illo itaque maxime nesciunt culpa. Vel corporis ut autem aut in maiores.', 3, '2019-02-02 09:36:37', '2019-02-02 09:36:37'),
(145, 19, 'Carter Wehner', 'Suscipit nesciunt ullam vero nihil labore aliquid est. Dolor voluptatem ut unde nobis. Ratione odio non vel. Qui dicta nam et voluptates inventore et.', 3, '2019-02-02 09:36:37', '2019-02-02 09:36:37'),
(146, 15, 'Ellen Koelpin IV', 'Ad assumenda perferendis aut. Sint et ipsa quibusdam sint. Qui odit quaerat voluptatem commodi.', 3, '2019-02-02 09:36:37', '2019-02-02 09:36:37'),
(147, 98, 'Dr. Estella Predovic', 'Et ut est ipsam expedita saepe. Laboriosam voluptatem cum non doloribus et aut consequatur. Est omnis et ratione.', 2, '2019-02-02 09:36:37', '2019-02-02 09:36:37'),
(148, 3, 'Prof. Cora Gaylord PhD', 'Neque reprehenderit nemo fuga nulla velit rerum ducimus. Voluptas minus aut sit commodi et aperiam voluptatibus maxime. Rerum magni ipsa fuga.', 1, '2019-02-02 09:36:37', '2019-02-02 09:36:37'),
(149, 29, 'Ms. Elody Stoltenberg', 'Rerum numquam sed voluptas earum non sint. Velit sit qui debitis voluptas. Molestias at ut iste qui non consequatur. Ipsa eaque nobis mollitia et quas reiciendis.', 4, '2019-02-02 09:36:37', '2019-02-02 09:36:37'),
(150, 93, 'Terrell Durgan', 'Architecto assumenda aut fugiat laboriosam. Voluptatem aliquam illum autem aut. Facere velit corporis non dolores itaque totam.', 1, '2019-02-02 09:36:37', '2019-02-02 09:36:37'),
(151, 97, 'Brock Upton DDS', 'Quos a neque iure quam neque beatae. Molestias optio facere numquam doloribus velit nihil velit. Quis optio cumque doloremque occaecati.', 4, '2019-02-02 09:36:37', '2019-02-02 09:36:37'),
(152, 13, 'Mitchel Little', 'Molestiae quos optio cum error ratione suscipit occaecati. Dolor enim quod atque quibusdam. Adipisci nesciunt eum excepturi repellendus ipsa. Suscipit nihil alias tempore perferendis ut. Ut consectetur atque quo qui voluptatem.', 5, '2019-02-02 09:36:37', '2019-02-02 09:36:37'),
(153, 87, 'Monty Miller V', 'Vero culpa expedita dolor. Enim aut unde rerum alias. Accusamus cumque quas voluptatibus dolores perspiciatis at at. Ut aspernatur culpa qui tenetur non.', 4, '2019-02-02 09:36:37', '2019-02-02 09:36:37'),
(154, 59, 'Theresa Rogahn', 'Nulla dolores ut ut enim fugiat minima. Modi aut repellendus sed ad. Adipisci adipisci consequuntur necessitatibus. Voluptatem voluptas at quia pariatur culpa impedit aspernatur.', 2, '2019-02-02 09:36:38', '2019-02-02 09:36:38'),
(155, 86, 'Mrs. Isabel Spencer', 'Quia ex veniam et et cumque quia officia. Sit voluptatum eum doloremque ea. Unde nostrum aliquam voluptatem. Amet consequatur suscipit omnis voluptas sunt.', 2, '2019-02-02 09:36:38', '2019-02-02 09:36:38'),
(156, 72, 'Nelda Wolf', 'Ut vero qui enim labore quaerat. Ullam est quam repellendus. Placeat odio porro eos ut. Nisi iusto placeat consequuntur id numquam qui.', 5, '2019-02-02 09:36:38', '2019-02-02 09:36:38'),
(157, 7, 'Gertrude Balistreri', 'Totam possimus rerum est. Tempore autem eaque dolore porro sequi id omnis. Eum et est sed aliquid commodi animi non.', 2, '2019-02-02 09:36:38', '2019-02-02 09:36:38'),
(158, 36, 'Princess Sipes', 'Ipsum aspernatur ex illo id. Debitis omnis optio rem in atque. Magni qui non placeat est ab est. Quia adipisci fugit aut repellendus.', 1, '2019-02-02 09:36:38', '2019-02-02 09:36:38'),
(159, 61, 'Grady Mante', 'Suscipit est vero occaecati esse cum. Qui praesentium ex sit suscipit. Porro animi culpa alias quia repellat accusantium ut. Ut incidunt consequuntur mollitia voluptatibus consequatur in nulla.', 2, '2019-02-02 09:36:38', '2019-02-02 09:36:38'),
(160, 28, 'Jaylin Parker', 'Et cupiditate soluta qui laboriosam laborum error nulla natus. Iste a eligendi occaecati maiores. Sint rerum qui ducimus nihil ut quo.', 3, '2019-02-02 09:36:38', '2019-02-02 09:36:38'),
(161, 25, 'Angus Bogisich', 'Ex et et voluptatibus aliquam. Harum quasi qui vel voluptates praesentium. In earum consequatur in.', 3, '2019-02-02 09:36:38', '2019-02-02 09:36:38'),
(162, 77, 'Yazmin Koelpin V', 'Aliquam quas cum modi exercitationem et. Aut reprehenderit quae odit labore. Ipsam ut dolor laudantium qui eveniet dolores iure laudantium. Id incidunt et qui. Provident aut ducimus dolorem sed at odio doloremque accusamus.', 3, '2019-02-02 09:36:38', '2019-02-02 09:36:38'),
(163, 35, 'Prof. Valentin Frami Sr.', 'Beatae ut assumenda cupiditate dolorem maxime voluptas fuga reiciendis. Eos assumenda quia impedit similique molestiae non. Est corrupti et asperiores sint est. Esse numquam aut numquam est nihil nobis.', 2, '2019-02-02 09:36:38', '2019-02-02 09:36:38'),
(164, 10, 'Everardo O\'Keefe Sr.', 'Quod ut consequatur dolorem dolor nobis corrupti. Earum quisquam est quae enim vel officia nihil. Deleniti et quibusdam ipsa placeat.', 4, '2019-02-02 09:36:38', '2019-02-02 09:36:38'),
(165, 76, 'Adolph Dare', 'Quibusdam eaque aut omnis nihil ex laboriosam soluta. Laboriosam consequatur in quia occaecati. Veritatis inventore tenetur quisquam. Dolorum pariatur omnis exercitationem eius laboriosam.', 1, '2019-02-02 09:36:38', '2019-02-02 09:36:38'),
(166, 49, 'Mrs. Maci Grady Sr.', 'Molestiae distinctio est repellat aspernatur vel qui. Ad magnam reprehenderit inventore sapiente incidunt nihil a. Voluptatum sapiente facere exercitationem dolorem.', 4, '2019-02-02 09:36:38', '2019-02-02 09:36:38'),
(167, 93, 'Dr. Josie Heidenreich', 'Odit voluptatem voluptatem doloremque voluptatem fugit. Soluta sapiente optio commodi autem sunt voluptatum. Quibusdam velit illo quod et provident. Voluptates veritatis qui tempore similique dolores.', 2, '2019-02-02 09:36:39', '2019-02-02 09:36:39'),
(168, 20, 'Manuel Runolfsson', 'Sit aperiam et modi ab voluptate. Sapiente id doloremque laudantium. Itaque non qui eveniet minus error vitae.', 3, '2019-02-02 09:36:39', '2019-02-02 09:36:39'),
(169, 63, 'Carolanne Bruen', 'Facere earum quo dolorem voluptatem. Dolor dolorem voluptatum omnis ut sit soluta ea. Exercitationem fugit ut doloremque rerum nostrum consequatur ut. Quasi iste nostrum sit cum sed saepe aperiam.', 5, '2019-02-02 09:36:39', '2019-02-02 09:36:39'),
(170, 46, 'Vella Hirthe', 'Quia distinctio beatae nobis officiis. Suscipit enim omnis ut omnis voluptatum. Laboriosam aut expedita sit vel consectetur id. Soluta et illo repellendus voluptas veritatis adipisci.', 1, '2019-02-02 09:36:39', '2019-02-02 09:36:39'),
(171, 89, 'Baylee Bruen', 'Quasi aspernatur mollitia itaque reiciendis. Molestias nulla est saepe rem omnis voluptate. Quod iure itaque autem et.', 3, '2019-02-02 09:36:39', '2019-02-02 09:36:39'),
(172, 42, 'Pietro Terry', 'Sit qui accusamus porro fugiat. Non omnis ut neque sit ut. Natus dolor et accusantium autem.', 4, '2019-02-02 09:36:39', '2019-02-02 09:36:39'),
(173, 12, 'Keara Medhurst', 'Beatae aut omnis ut excepturi corporis eum sequi. Consequatur sapiente quia aut non debitis perferendis suscipit ea. Culpa qui amet possimus.', 5, '2019-02-02 09:36:39', '2019-02-02 09:36:39'),
(174, 92, 'Ronny Murazik', 'Vero et minima tenetur totam amet beatae. Hic voluptatem et numquam nihil voluptates velit. Voluptas sit magnam tempore.', 4, '2019-02-02 09:36:39', '2019-02-02 09:36:39'),
(175, 5, 'Eudora Carroll', 'Incidunt occaecati optio asperiores optio molestias quisquam. Et culpa sunt itaque ea deleniti tenetur autem. Modi libero quam atque hic ut debitis.', 1, '2019-02-02 09:36:39', '2019-02-02 09:36:39'),
(176, 57, 'Tierra Waters', 'Beatae deserunt soluta ipsam velit. Incidunt aut et modi recusandae sunt est. Sit maxime velit quis qui. Numquam cum consectetur fugit quidem voluptatem.', 1, '2019-02-02 09:36:39', '2019-02-02 09:36:39'),
(177, 3, 'Richard Strosin', 'Non vitae molestiae est ut est. Molestiae fugiat et impedit veniam. Autem optio dolores et. Velit rerum dolor velit recusandae.', 3, '2019-02-02 09:36:39', '2019-02-02 09:36:39'),
(178, 54, 'Ms. Nadia Homenick', 'Esse qui pariatur libero reprehenderit ut ex impedit. Enim ab quibusdam necessitatibus soluta reprehenderit quaerat placeat. Aut sed sequi aut. Et voluptatem debitis qui voluptas.', 4, '2019-02-02 09:36:39', '2019-02-02 09:36:39'),
(179, 32, 'Favian Gislason V', 'Quia voluptatem id expedita pariatur unde corporis. Itaque impedit fuga optio alias quis et. Iure recusandae architecto labore nulla ea. Blanditiis omnis quisquam laborum similique sit error labore.', 2, '2019-02-02 09:36:40', '2019-02-02 09:36:40'),
(180, 18, 'Mrs. Litzy Lang V', 'Nemo id nam aut omnis rerum omnis. Aut voluptatem corporis veniam repellendus quibusdam. Saepe iure delectus dolores officia. Facere voluptates culpa dolores voluptas suscipit doloribus expedita.', 5, '2019-02-02 09:36:40', '2019-02-02 09:36:40'),
(181, 5, 'Ms. Jewell Lynch', 'Consequatur nostrum odit ut accusantium. Omnis doloremque beatae voluptatum doloribus repudiandae. Quasi similique sit quia aperiam. Voluptate adipisci iure veniam pariatur nam facilis.', 3, '2019-02-02 09:36:40', '2019-02-02 09:36:40'),
(182, 91, 'Valentin Sawayn', 'Atque quisquam dolorem velit ab consequuntur cum tenetur. Sint qui natus aut optio labore eos libero. Provident saepe vitae ut explicabo unde iure. Exercitationem velit commodi voluptatibus sunt voluptatibus similique.', 4, '2019-02-02 09:36:40', '2019-02-02 09:36:40'),
(183, 27, 'Ayana Mohr', 'Qui neque a vitae nostrum praesentium qui exercitationem. Ut perspiciatis consequatur sed in. Beatae soluta laborum est doloremque dolores placeat. Cumque quis nesciunt nihil id quaerat itaque aliquam.', 2, '2019-02-02 09:36:40', '2019-02-02 09:36:40'),
(184, 93, 'Scarlett Bartoletti', 'Earum illo rerum nesciunt molestiae voluptas. Aut quod minus voluptas totam atque consequatur reprehenderit. Repellat tempora nulla natus molestias consequatur illo molestiae. Consequatur alias rerum nam hic aut sint. Magni enim fugit et tenetur ut velit rerum adipisci.', 4, '2019-02-02 09:36:40', '2019-02-02 09:36:40'),
(185, 40, 'Dr. Shania Farrell III', 'Amet non provident non enim aut earum. Consequatur voluptatum cum corrupti consectetur suscipit est dolorem. Omnis quisquam quidem sit eaque et. Corrupti tempore consequuntur optio quidem et ipsa alias.', 4, '2019-02-02 09:36:40', '2019-02-02 09:36:40'),
(186, 42, 'Lizzie Sanford', 'Aut dolorem earum dolor saepe tempora numquam enim. Labore velit fuga ut hic.', 1, '2019-02-02 09:36:40', '2019-02-02 09:36:40'),
(187, 63, 'Dr. Flo Cormier', 'Quidem pariatur omnis qui id. Commodi animi nesciunt sed necessitatibus et qui. Voluptas explicabo corrupti quia necessitatibus qui ut eveniet ut. Nesciunt omnis commodi doloremque consequatur sint. Ducimus accusantium dolorem non temporibus delectus perspiciatis et.', 5, '2019-02-02 09:36:40', '2019-02-02 09:36:40'),
(188, 63, 'Prof. Curt Kunde DVM', 'Sequi molestiae dignissimos consequatur quidem. Necessitatibus voluptatem culpa doloribus quaerat sapiente vitae cum. Modi qui qui voluptas voluptatem quis sit.', 5, '2019-02-02 09:36:40', '2019-02-02 09:36:40'),
(189, 62, 'Dr. Jarvis Hoppe PhD', 'Est quod iure tempora molestias. Ipsam reprehenderit minima ducimus sit molestias excepturi repudiandae qui.', 4, '2019-02-02 09:36:40', '2019-02-02 09:36:40'),
(190, 1, 'Mr. Daryl Kessler', 'Et ut saepe numquam nobis. Vero aut nemo eos vel ab nesciunt. Excepturi quaerat repellendus qui ab nam.', 2, '2019-02-02 09:36:40', '2019-02-02 09:36:40'),
(191, 80, 'Lera O\'Connell', 'Ratione nesciunt perferendis aut hic est. Aut et excepturi doloremque commodi. Voluptates reprehenderit et laudantium id vero. Deleniti quis sed at aut. Ut eaque nulla aspernatur aut dolorem consequatur.', 1, '2019-02-02 09:36:40', '2019-02-02 09:36:40'),
(192, 30, 'Miss Cathrine Ernser Jr.', 'Dolorem a aut odit minus. Itaque ipsam laboriosam magni porro voluptatem. Porro aliquam ratione fugit aut numquam id placeat.', 1, '2019-02-02 09:36:40', '2019-02-02 09:36:40'),
(193, 72, 'Joanne Jast', 'Quo qui quasi sunt pariatur hic harum sequi. Expedita qui voluptas tenetur vel distinctio est. Qui hic ipsa eveniet officia recusandae esse voluptas sit. Officiis cumque deserunt necessitatibus sed.', 1, '2019-02-02 09:36:40', '2019-02-02 09:36:40'),
(194, 93, 'Prof. Alycia Wunsch Jr.', 'Quisquam iure omnis ipsum exercitationem omnis earum saepe. Provident sed aut in voluptates. Corporis velit vel quia molestias et eum. Odit reprehenderit eius dolore ratione assumenda qui modi.', 5, '2019-02-02 09:36:41', '2019-02-02 09:36:41'),
(195, 50, 'Bianka Legros', 'Rerum modi optio iste. Eos ullam sunt qui aut. Labore fuga earum laborum ut itaque totam expedita.', 3, '2019-02-02 09:36:41', '2019-02-02 09:36:41'),
(196, 17, 'Deonte Abernathy', 'Eligendi quasi ab et aut id. Alias consectetur aut laboriosam at debitis ut velit. Quo minus impedit voluptas dolorum et qui.', 2, '2019-02-02 09:36:41', '2019-02-02 09:36:41'),
(197, 31, 'Prof. Greg Beahan', 'Sint accusantium voluptatem molestias et modi sunt architecto. Voluptatum rerum cupiditate qui doloremque dolorem voluptate aliquam. Magni ut ea nulla sapiente voluptatem.', 4, '2019-02-02 09:36:41', '2019-02-02 09:36:41'),
(198, 32, 'Dolly Moore I', 'Exercitationem quasi velit quo reiciendis. Enim nulla cum nisi tempora eos est recusandae. Autem quis esse sint corrupti non quae odit quas.', 4, '2019-02-02 09:36:41', '2019-02-02 09:36:41'),
(199, 96, 'Ila Bednar', 'Ut aut temporibus laborum ut. Molestias nulla vero maiores voluptatem. Dicta soluta quaerat quam ea est. Hic amet rem nihil ipsam.', 5, '2019-02-02 09:36:41', '2019-02-02 09:36:41'),
(200, 10, 'Jayden Heller Jr.', 'Sit ut voluptas et reprehenderit culpa maxime et. Nisi omnis animi quaerat delectus. Atque explicabo iure harum distinctio omnis laborum id in. Voluptate expedita quis aut voluptatum ut sequi porro sapiente.', 3, '2019-02-02 09:36:41', '2019-02-02 09:36:41'),
(201, 4, 'Miss Jaunita Lind', 'Quia ipsum quos soluta officia temporibus. Fugiat quia eum et a possimus earum quia. Sunt ullam porro quasi cupiditate omnis aut. Laborum quae illum sint ad neque.', 4, '2019-02-02 09:36:41', '2019-02-02 09:36:41'),
(202, 100, 'Carlee Torphy Jr.', 'Velit facilis sit vel maiores repellendus velit. Aut delectus quibusdam est magnam quia et temporibus. Excepturi occaecati labore vero et aspernatur dignissimos voluptas.', 2, '2019-02-02 09:36:41', '2019-02-02 09:36:41'),
(203, 61, 'Freddie McCullough', 'Rem aut alias in vel maiores ut voluptate. In aperiam voluptas quasi ipsum voluptates incidunt facilis. Delectus hic et velit assumenda et esse. Soluta perspiciatis voluptatum aspernatur magni tenetur perferendis. Eligendi ab illum non nemo dolores alias quo repudiandae.', 4, '2019-02-02 09:36:41', '2019-02-02 09:36:41'),
(204, 4, 'Sandra Feest', 'Possimus earum cupiditate ipsa. Dolorum numquam velit esse occaecati nostrum quia dolorum vitae.', 1, '2019-02-02 09:36:41', '2019-02-02 09:36:41'),
(205, 26, 'Dr. Fred Murazik V', 'Minus sit eius ut enim rerum a. Harum placeat architecto quis eveniet hic consectetur et. Sit expedita recusandae ullam voluptatem exercitationem minus.', 5, '2019-02-02 09:36:42', '2019-02-02 09:36:42');
INSERT INTO `reviews` (`id`, `product_id`, `customer`, `review`, `star`, `created_at`, `updated_at`) VALUES
(206, 92, 'Napoleon Beahan', 'Quos placeat blanditiis quod voluptatem omnis mollitia. Architecto non voluptates voluptatem rem minus nihil. Dolorum soluta culpa et voluptas vitae rerum deleniti. Eos excepturi placeat sunt iusto aliquid ut.', 4, '2019-02-02 09:36:42', '2019-02-02 09:36:42'),
(207, 65, 'Anne Ebert', 'Sit aut illo architecto rerum quia et vel minima. Perspiciatis beatae sed est eos quisquam soluta. Et quae voluptate tempore illo quod enim velit.', 1, '2019-02-02 09:36:42', '2019-02-02 09:36:42'),
(208, 12, 'Miss Ally Wehner', 'Consequatur atque tenetur error rerum eos dolor. Qui praesentium odio omnis maiores. Totam ea ipsa enim sequi officia quis corporis. Ut rerum molestiae consequatur reprehenderit debitis et nihil. Facilis corporis dolorem neque non nesciunt facilis porro incidunt.', 4, '2019-02-02 09:36:42', '2019-02-02 09:36:42'),
(209, 73, 'Ross Macejkovic', 'Aut sed minima itaque recusandae provident. Laudantium iure similique quia esse. Iusto sapiente et sit aliquid eligendi aut quasi.', 5, '2019-02-02 09:36:42', '2019-02-02 09:36:42'),
(210, 59, 'Prof. Lew Dach', 'Veritatis dignissimos consectetur sed dolorem. Velit accusantium et assumenda sed. Perspiciatis minima tenetur distinctio voluptatem.', 3, '2019-02-02 09:36:42', '2019-02-02 09:36:42'),
(211, 54, 'Yoshiko Rice', 'Voluptatum dolor officia nesciunt incidunt cumque excepturi ab quisquam. Ut ex vel soluta harum voluptatem magni. Deleniti est omnis magni reiciendis incidunt non id.', 3, '2019-02-02 09:36:42', '2019-02-02 09:36:42'),
(212, 50, 'Clark Senger DDS', 'Voluptatem assumenda qui reiciendis vel at. Et dolores vitae magni praesentium quia. Eaque ullam voluptatibus inventore enim.', 4, '2019-02-02 09:36:42', '2019-02-02 09:36:42'),
(213, 99, 'Adelia Kuhn', 'Ut sed est aut voluptatum omnis veritatis. Reprehenderit provident et quo impedit fugiat cupiditate laudantium. Architecto est perspiciatis nobis.', 1, '2019-02-02 09:36:42', '2019-02-02 09:36:42'),
(214, 29, 'Sarah Lockman', 'Modi temporibus fuga suscipit quis. Et quidem fugit voluptatibus sint explicabo sint. Adipisci mollitia ratione ut nostrum. Quia explicabo maxime est consequatur.', 1, '2019-02-02 09:36:42', '2019-02-02 09:36:42'),
(215, 33, 'Hester O\'Reilly V', 'Aut vel quidem sit aliquid modi minima repellat dolorem. Aspernatur et iusto possimus quia mollitia sunt. Qui sunt possimus consequatur expedita magnam aut. Nulla incidunt ea eum ducimus autem exercitationem.', 5, '2019-02-02 09:36:42', '2019-02-02 09:36:42'),
(216, 19, 'Lauriane Boehm', 'Rerum vel quis sed sit et. Consequuntur eos soluta dicta sint rerum quis. Voluptate ut sit totam adipisci nesciunt.', 4, '2019-02-02 09:36:43', '2019-02-02 09:36:43'),
(217, 11, 'Amy Ebert II', 'Neque maxime facere exercitationem dolor. Distinctio earum maxime repellendus rerum. Quo ab enim earum aut perferendis odit. Est harum saepe tempora. Voluptas dignissimos et rerum impedit.', 3, '2019-02-02 09:36:43', '2019-02-02 09:36:43'),
(218, 21, 'Prof. Dolly Ortiz IV', 'Iusto adipisci sunt modi quo. Dicta corporis soluta accusantium nihil animi eveniet rem.', 2, '2019-02-02 09:36:43', '2019-02-02 09:36:43'),
(219, 79, 'Domingo Herzog', 'Laborum odit commodi quibusdam sapiente consequatur eum at. Odio sed esse ipsum iste ipsam recusandae rerum. Cumque animi qui natus facere.', 1, '2019-02-02 09:36:44', '2019-02-02 09:36:44'),
(220, 5, 'Dr. Lavern Armstrong III', 'Sit quo assumenda saepe sunt rerum consequatur adipisci. Est iste velit quia doloremque quas qui. Optio natus beatae ea deleniti voluptatibus. Quasi molestias qui eaque omnis. Est et odio voluptatem harum harum.', 4, '2019-02-02 09:36:44', '2019-02-02 09:36:44'),
(221, 69, 'Prof. Gunner VonRueden DDS', 'Laboriosam totam ducimus veritatis ex molestias unde ducimus ut. Atque asperiores esse voluptatibus accusantium corporis quia. Ut aliquam possimus saepe impedit. Est numquam explicabo sunt reiciendis nihil neque.', 2, '2019-02-02 09:36:44', '2019-02-02 09:36:44'),
(222, 25, 'Mr. Isadore Hand', 'Dolorum repudiandae doloribus labore autem repellendus quisquam. Pariatur tempora vitae mollitia sit voluptatum adipisci omnis. Corporis qui consequatur quasi architecto consequuntur adipisci sed.', 5, '2019-02-02 09:36:44', '2019-02-02 09:36:44'),
(223, 35, 'Glennie Aufderhar', 'Sed sit reprehenderit excepturi nihil. Eum eveniet repudiandae mollitia. Minima perspiciatis dolorem tenetur et.', 1, '2019-02-02 09:36:44', '2019-02-02 09:36:44'),
(224, 40, 'Dr. Alden Smitham PhD', 'Ratione et est ipsam est praesentium velit. Eos dicta voluptatem doloribus. Ea expedita debitis et adipisci ut numquam perspiciatis. Ut explicabo sit aut beatae laudantium.', 4, '2019-02-02 09:36:44', '2019-02-02 09:36:44'),
(225, 42, 'Rafaela Hyatt Jr.', 'Deleniti excepturi autem voluptatum repellendus quidem. Occaecati qui et harum molestiae quas placeat id. Odio rerum omnis porro pariatur quas aut sapiente.', 1, '2019-02-02 09:36:44', '2019-02-02 09:36:44'),
(226, 26, 'Mr. Melvina Heathcote', 'Fuga enim quo tempore possimus. Alias tempore repellat mollitia. Corporis dolorem quas vitae quaerat dolor voluptate fugit numquam. Quia nihil laborum voluptatem consequuntur maxime.', 2, '2019-02-02 09:36:44', '2019-02-02 09:36:44'),
(227, 23, 'Malcolm Ferry', 'Illum iure et consequatur voluptatem culpa blanditiis. Voluptas tempore sint nobis quo et est quas ducimus. Nobis illum voluptatem consequuntur deleniti quidem possimus.', 2, '2019-02-02 09:36:44', '2019-02-02 09:36:44'),
(228, 69, 'Ardella Anderson', 'Cupiditate quia et iste harum voluptas accusantium aspernatur. Dolor ut molestiae voluptatem. Explicabo atque occaecati ut reprehenderit rerum ipsam rem.', 1, '2019-02-02 09:36:45', '2019-02-02 09:36:45'),
(229, 13, 'Elton Gislason', 'Neque non et vero. Veritatis ut consequuntur vitae ut tenetur est tempora tempora. Exercitationem distinctio aut aut illum amet exercitationem vel.', 2, '2019-02-02 09:36:45', '2019-02-02 09:36:45'),
(230, 87, 'Prof. Nikki Haley DVM', 'Neque dolores et officia ut. Et et quos architecto eligendi harum adipisci ut. Consequatur sed culpa velit. Enim explicabo commodi excepturi ex totam expedita dolorem.', 2, '2019-02-02 09:36:45', '2019-02-02 09:36:45'),
(231, 91, 'Unique Dibbert', 'Fugiat molestiae explicabo ex doloremque. Molestiae dolores officiis totam tenetur sit nemo et. Perferendis quia suscipit quod optio omnis rerum reiciendis. Rerum aut id culpa atque ullam vel.', 4, '2019-02-02 09:36:45', '2019-02-02 09:36:45'),
(232, 65, 'Carmen Adams II', 'Molestias facere nisi nobis molestiae temporibus quae voluptas consectetur. Fuga aut quia sed totam odio aut rerum eum. Omnis omnis ipsum voluptatibus atque.', 1, '2019-02-02 09:36:45', '2019-02-02 09:36:45'),
(233, 63, 'Brett Raynor', 'In provident aperiam voluptate iusto qui. Sit fugit maiores aliquid velit. Reprehenderit explicabo libero eos vero vero repellat. Est quibusdam ad qui eos voluptas. Aliquam quisquam itaque non odio nisi cum.', 4, '2019-02-02 09:36:45', '2019-02-02 09:36:45'),
(234, 70, 'Stefan Cassin', 'Voluptatum sint impedit provident et incidunt qui sed. Ipsam omnis asperiores corporis ipsum ipsum nesciunt. Quia omnis voluptate voluptatem sunt quia voluptates voluptatem. Et est et vero inventore quaerat cumque.', 1, '2019-02-02 09:36:45', '2019-02-02 09:36:45'),
(235, 91, 'Lauryn Gusikowski DVM', 'Beatae nulla placeat amet quia aut exercitationem. Nobis dicta sit soluta veniam vero error.', 1, '2019-02-02 09:36:45', '2019-02-02 09:36:45'),
(236, 9, 'Davin Kling', 'Ipsum sit voluptates est voluptatibus. A porro et ex quis. Ad itaque porro nesciunt eum placeat aperiam.', 2, '2019-02-02 09:36:45', '2019-02-02 09:36:45'),
(237, 9, 'Dr. Shannon Lehner DDS', 'Eos rem neque ducimus culpa non velit. Minus reiciendis ab nostrum et consectetur vel voluptas dolorum. Et nulla alias modi nisi est. Ipsam ut provident quae fugit nisi quam aliquid.', 1, '2019-02-02 09:36:45', '2019-02-02 09:36:45'),
(238, 39, 'Jess Hill', 'Maiores et in inventore quaerat qui optio voluptate. Et qui et ex ut sint est perferendis. Rerum harum id quia expedita.', 1, '2019-02-02 09:36:46', '2019-02-02 09:36:46'),
(239, 67, 'Evalyn Erdman', 'Aperiam animi facilis non voluptatem quod. Voluptatibus eum aut dolorem beatae voluptatem et. Delectus ut sequi vel labore molestiae. Officia deserunt dolor rem dolor voluptatum necessitatibus.', 5, '2019-02-02 09:36:46', '2019-02-02 09:36:46'),
(240, 17, 'Dr. Patrick Reynolds', 'Temporibus magnam autem ullam recusandae. Cupiditate adipisci reiciendis repellendus enim accusamus voluptatem exercitationem. Ut aut quod aut neque laborum est blanditiis. Quaerat nostrum saepe nemo et dolor optio.', 2, '2019-02-02 09:36:46', '2019-02-02 09:36:46'),
(241, 76, 'Prof. Ara Zemlak', 'Voluptas rem quaerat animi ipsum. Numquam voluptatem et incidunt doloribus. Est placeat modi doloribus architecto architecto quas. Corporis qui a harum et nisi.', 3, '2019-02-02 09:36:46', '2019-02-02 09:36:46'),
(242, 2, 'William Powlowski', 'Praesentium expedita nihil ducimus velit eveniet. Blanditiis ipsam qui omnis. Ab est et cum ea alias deserunt. Aliquam quis ut quos hic. Suscipit atque atque vel nostrum dicta.', 5, '2019-02-02 09:36:46', '2019-02-02 09:36:46'),
(243, 79, 'Gertrude Sporer', 'Rem molestias eaque et fugit deserunt. Nulla tenetur id in qui dolores iusto. Impedit dolores minus nulla sed et reiciendis. Rerum magni qui exercitationem a et eum excepturi.', 3, '2019-02-02 09:36:46', '2019-02-02 09:36:46'),
(244, 51, 'Jordi Gutmann', 'Consequatur dolores aut dolorem. Alias qui voluptatem atque. Possimus consectetur totam soluta asperiores sed voluptatibus.', 1, '2019-02-02 09:36:47', '2019-02-02 09:36:47'),
(245, 52, 'Miss Brisa Heaney', 'Fuga voluptatibus sed quia nulla autem. Excepturi impedit est ipsam eligendi quidem deserunt. Voluptatem magni in facere delectus eligendi.', 3, '2019-02-02 09:36:47', '2019-02-02 09:36:47'),
(246, 30, 'Prof. Kylee Mosciski', 'Velit eum rerum qui inventore nostrum consequuntur. Sapiente nam quod et nulla dignissimos soluta.', 1, '2019-02-02 09:36:47', '2019-02-02 09:36:47'),
(247, 60, 'Roxanne Haag', 'Est quos laborum omnis exercitationem nisi. Veniam corporis ad ipsam voluptatibus explicabo praesentium. Temporibus neque consequatur atque reiciendis.', 4, '2019-02-02 09:36:47', '2019-02-02 09:36:47'),
(248, 17, 'Kasandra Kemmer', 'Cumque et sunt et enim. Voluptatem hic deserunt est accusantium eum perspiciatis. Aliquid ut libero quod reprehenderit. Facere ut nihil cupiditate et consequatur et perferendis.', 4, '2019-02-02 09:36:47', '2019-02-02 09:36:47'),
(249, 81, 'Marielle Jerde Sr.', 'Voluptatem numquam nostrum sunt quia soluta officiis nihil. Est natus quia deleniti error sint corporis. Ut non quaerat ducimus ut dolor voluptatibus. Aut sapiente ducimus ullam blanditiis possimus.', 5, '2019-02-02 09:36:47', '2019-02-02 09:36:47'),
(250, 50, 'Meaghan Davis', 'Est qui rerum rerum omnis. Modi numquam qui quaerat sit dicta optio. Assumenda enim eum nobis.', 4, '2019-02-02 09:36:47', '2019-02-02 09:36:47'),
(251, 23, 'Mr. Juwan Erdman', 'Maxime aut ea velit omnis voluptatem possimus. Facere nihil maxime dolores sint.', 1, '2019-02-02 09:36:47', '2019-02-02 09:36:47'),
(252, 9, 'Dr. Lottie Bergstrom', 'Explicabo repellat repudiandae autem ut. Et autem expedita est sed voluptatem natus fuga sit. Atque incidunt odio aperiam quis a quis saepe. Consequuntur voluptas fugiat dolores ullam consequatur ut.', 3, '2019-02-02 09:36:47', '2019-02-02 09:36:47'),
(253, 73, 'Miss Alene Haag IV', 'Rerum delectus est corrupti ipsum vel. Beatae repudiandae voluptatem dolores voluptatem et aut. Deleniti neque beatae eos sint.', 2, '2019-02-02 09:36:47', '2019-02-02 09:36:47'),
(254, 92, 'Nannie Ortiz', 'Sit voluptatibus nemo aut quaerat molestias nulla. Dolor nesciunt et dignissimos velit rerum.', 2, '2019-02-02 09:36:48', '2019-02-02 09:36:48'),
(255, 88, 'Samantha Hagenes', 'Occaecati non non sint voluptas nesciunt esse quis necessitatibus. Numquam tempora maxime et quaerat aut.', 3, '2019-02-02 09:36:48', '2019-02-02 09:36:48'),
(256, 56, 'Cristopher Bayer', 'Rerum vitae eligendi sunt repellat quasi quis. Temporibus dicta sint sed voluptatem ut eveniet et. Voluptas et ipsum perspiciatis nisi aut. Qui consequatur dolore quos error quia ad.', 2, '2019-02-02 09:36:48', '2019-02-02 09:36:48'),
(257, 89, 'Quentin Kunde', 'Tempora architecto blanditiis quam. Autem dolor et culpa ad error. At perspiciatis magni enim consequatur. Harum eveniet quae minus non eos officia animi.', 3, '2019-02-02 09:36:48', '2019-02-02 09:36:48'),
(258, 46, 'Dee Hegmann', 'Officia ratione sequi quod neque sed laudantium. Laborum reprehenderit perspiciatis in repellendus inventore omnis. Quam placeat alias aperiam quas accusantium est.', 1, '2019-02-02 09:36:48', '2019-02-02 09:36:48'),
(259, 29, 'Devin Kub PhD', 'Eligendi tempore aspernatur odio. Quia sit vero reprehenderit sint velit. Consequatur sit quisquam velit aut maxime officiis aliquam et. Voluptatum dolores veritatis sed placeat sed voluptatem corporis.', 4, '2019-02-02 09:36:48', '2019-02-02 09:36:48'),
(260, 34, 'Roberto Kemmer I', 'Omnis repellendus dolores eos ab aliquid. Eos blanditiis enim sapiente nisi cupiditate consequatur veniam. Sit sed aperiam perspiciatis omnis.', 2, '2019-02-02 09:36:48', '2019-02-02 09:36:48'),
(261, 64, 'Miss Brittany Ryan Sr.', 'Esse sunt aut qui sed aut qui. Nihil ex ratione omnis rerum molestias. Ipsa laboriosam vel voluptatem quia amet nam molestias est.', 5, '2019-02-02 09:36:48', '2019-02-02 09:36:48'),
(262, 54, 'Ana Lakin', 'Error numquam nihil aut eos sunt tempora tenetur. Quia est exercitationem accusamus repellat. Ex asperiores illo minima.', 2, '2019-02-02 09:36:48', '2019-02-02 09:36:48'),
(263, 88, 'Jarvis Lockman DDS', 'Voluptatem nobis dolorum tenetur molestiae aut aut. Earum blanditiis error saepe rerum doloribus. Numquam alias iure numquam eligendi. Tempore et ullam officia quibusdam delectus tempora.', 3, '2019-02-02 09:36:48', '2019-02-02 09:36:48'),
(264, 71, 'Peyton Durgan', 'Maiores molestiae omnis est at non corporis. Nihil totam assumenda voluptatem ut. Occaecati quaerat nihil voluptatem.', 2, '2019-02-02 09:36:49', '2019-02-02 09:36:49'),
(265, 83, 'Kallie Kirlin', 'Enim libero magnam eveniet quis aut animi velit recusandae. Officia voluptas voluptatem qui quibusdam ipsa. Illum saepe ea nostrum et molestiae hic deserunt. Ut voluptatibus quo esse expedita.', 4, '2019-02-02 09:36:49', '2019-02-02 09:36:49'),
(266, 39, 'Zoie Gottlieb', 'Corporis enim eveniet odit aut qui. Suscipit voluptas itaque animi et ad rerum quas. Nemo dolores et tempora dolorum voluptatem.', 3, '2019-02-02 09:36:49', '2019-02-02 09:36:49'),
(267, 20, 'Brenden McDermott', 'Suscipit temporibus minima quibusdam dolorum eum dolorem. Velit enim sed nihil. Sint veritatis voluptates expedita voluptate.', 4, '2019-02-02 09:36:49', '2019-02-02 09:36:49'),
(268, 69, 'Tyson Rath', 'Veniam omnis eaque ex ut veritatis iure ut. Non unde et et aliquam asperiores. At illo cupiditate quisquam alias porro.', 2, '2019-02-02 09:36:49', '2019-02-02 09:36:49'),
(269, 35, 'Ms. Noemie Cartwright PhD', 'Nostrum consequatur a velit. Laboriosam aliquid vero cumque odio eveniet.', 5, '2019-02-02 09:36:49', '2019-02-02 09:36:49'),
(270, 60, 'Candice Price', 'Aut necessitatibus error nihil dicta laboriosam omnis. Est incidunt unde voluptatibus aliquam. Excepturi inventore exercitationem aut eius veniam voluptate.', 5, '2019-02-02 09:36:49', '2019-02-02 09:36:49'),
(271, 26, 'Easton Vandervort', 'Modi sed nobis perspiciatis voluptatem id. At numquam itaque fugit eum dolorem. Atque nihil vel qui sit non. Vel sint repellendus voluptate blanditiis corrupti aperiam. Voluptatum doloremque facilis sed mollitia ea.', 3, '2019-02-02 09:36:49', '2019-02-02 09:36:49'),
(272, 86, 'Sonny Zulauf', 'Incidunt perferendis velit et nam in. Et et officia est recusandae excepturi. Voluptate dolore dolor sed maxime.', 3, '2019-02-02 09:36:50', '2019-02-02 09:36:50'),
(273, 64, 'Addison Feeney', 'Quo in eaque libero doloremque dolor harum. Maiores commodi quam aliquam unde natus. Placeat accusantium atque saepe harum nihil et et. Dolor ut accusantium voluptate minus dolor dicta.', 5, '2019-02-02 09:36:50', '2019-02-02 09:36:50'),
(274, 2, 'Meta Wunsch', 'Repellat et et eius. Voluptas qui quam laborum eos. Et est id assumenda. Nam neque nulla provident molestias quis natus. Quas harum tempore saepe aspernatur blanditiis ut dolore.', 1, '2019-02-02 09:36:50', '2019-02-02 09:36:50'),
(275, 47, 'William Stracke', 'Possimus aut consequatur iure minus asperiores et. Quis sed pariatur in velit sit. Ut sunt quasi aut eius ullam eligendi dolor. Quod est modi animi commodi et sit.', 5, '2019-02-02 09:36:50', '2019-02-02 09:36:50'),
(276, 87, 'Mr. Jaime Crist IV', 'Vel odio saepe sed repudiandae possimus quidem molestias maiores. Qui tenetur saepe culpa. Ex dolor nihil dolor. Neque soluta maiores voluptatem. Est beatae quia iusto hic ratione quo.', 2, '2019-02-02 09:36:50', '2019-02-02 09:36:50'),
(277, 57, 'Prof. Cory Oberbrunner', 'Dolorem nemo eligendi fuga et aliquid aperiam eos. Aliquam fugiat at ex deserunt voluptatem sit. Voluptatibus dolor sunt incidunt quia.', 4, '2019-02-02 09:36:50', '2019-02-02 09:36:50'),
(278, 6, 'Prof. Jerrold Tillman Jr.', 'Dicta temporibus blanditiis ut mollitia incidunt aliquid. Rerum officiis eos natus incidunt. Temporibus quis officiis aspernatur expedita.', 3, '2019-02-02 09:36:50', '2019-02-02 09:36:50'),
(279, 47, 'Americo Stoltenberg III', 'Aut praesentium quaerat sed sed. Molestiae repellat temporibus aspernatur est nostrum aut. Pariatur sed excepturi ut quis consequatur. Dignissimos quia omnis rerum.', 4, '2019-02-02 09:36:50', '2019-02-02 09:36:50'),
(280, 37, 'Dr. Lessie Schroeder', 'Voluptatem natus sint fugiat ipsum aut eligendi. Voluptatibus alias perferendis est voluptatum architecto eum. Ipsa a ipsam aliquid nihil voluptas. Animi molestiae provident blanditiis dolor sed cupiditate non aut. Adipisci molestiae officiis qui nulla.', 5, '2019-02-02 09:36:50', '2019-02-02 09:36:50'),
(281, 11, 'Evert Blanda', 'Et repellendus quibusdam voluptas aut. Dignissimos nihil eveniet est sit iste repellendus dignissimos. Vitae dolore ex sit aut aspernatur. Perspiciatis iste et a veritatis ut qui.', 2, '2019-02-02 09:36:50', '2019-02-02 09:36:50'),
(282, 82, 'Bella Haag', 'Totam sed veritatis assumenda totam. Eligendi exercitationem repudiandae dignissimos commodi voluptate possimus rerum. Et accusantium culpa et. Debitis est reiciendis dolor odio voluptates. Similique sunt id accusamus et eos voluptatem.', 3, '2019-02-02 09:36:51', '2019-02-02 09:36:51'),
(283, 65, 'Enrico White', 'Explicabo ducimus magni quibusdam laboriosam. Nihil repellendus id aut nam. Nulla vero illo dolorem eos illum.', 5, '2019-02-02 09:36:51', '2019-02-02 09:36:51'),
(284, 7, 'Dylan Kerluke', 'Similique non nesciunt dolores delectus voluptas et. Est molestiae eum non ab placeat tempore.', 1, '2019-02-02 09:36:51', '2019-02-02 09:36:51'),
(285, 83, 'Olga Kutch', 'Modi aliquid ad maiores debitis quo hic ipsum. Est dolore deserunt est dolore consequatur nam. Tenetur aut velit tempora vero et placeat voluptatem. Nulla consequatur iusto cupiditate earum voluptatem voluptatem.', 2, '2019-02-02 09:36:51', '2019-02-02 09:36:51'),
(286, 45, 'Stuart Dietrich', 'Quia sequi nostrum fugiat officia odio vel aliquid. Adipisci incidunt ut aspernatur. Ipsam et facilis ipsa soluta a. Dolor voluptatem repellat possimus error.', 3, '2019-02-02 09:36:51', '2019-02-02 09:36:51'),
(287, 67, 'Dortha Walter', 'Dolor nobis nesciunt incidunt odit est odit. Animi sunt veniam inventore nemo ut et quisquam qui. A sapiente aut vero minima aut aut. Harum nostrum quis optio quisquam qui.', 3, '2019-02-02 09:36:51', '2019-02-02 09:36:51'),
(288, 65, 'Dr. Clovis Romaguera', 'Nemo dolorum a iure sed voluptas. Eligendi odio vitae ab aliquid odit nulla. Alias vitae autem nostrum minus optio totam. Consectetur dolor molestias blanditiis nemo nostrum qui eos.', 2, '2019-02-02 09:36:51', '2019-02-02 09:36:51'),
(289, 52, 'Daphne Waters', 'Consequatur in culpa repudiandae. Sed qui ipsum asperiores aliquid. Occaecati illum ut tempora dolor quos hic optio magni. Non delectus commodi consectetur laboriosam enim provident harum itaque.', 3, '2019-02-02 09:36:51', '2019-02-02 09:36:51'),
(290, 12, 'Mr. Jess Orn', 'Omnis et sint perspiciatis et est ratione. Laudantium aut aut aut voluptatum cumque inventore. Non in ab et non nihil vero.', 5, '2019-02-02 09:36:51', '2019-02-02 09:36:51'),
(291, 45, 'Marguerite Kutch MD', 'Repudiandae culpa nam tempore omnis quia. Cum at et velit dolor quaerat sint. Neque illo excepturi enim et ratione.', 4, '2019-02-02 09:36:51', '2019-02-02 09:36:51'),
(292, 64, 'Alexander Ledner', 'Ad ut error consequatur et totam tempora quidem saepe. Laborum impedit culpa quis qui. Et ea itaque quis fugit.', 2, '2019-02-02 09:36:52', '2019-02-02 09:36:52'),
(293, 80, 'Dr. Mario Koch', 'Quasi aut in nostrum fugit harum et. Animi doloremque molestias aut unde quibusdam. Ex officia et voluptates quis voluptatem repellendus. Ut assumenda voluptatem non sint nihil libero.', 5, '2019-02-02 09:36:52', '2019-02-02 09:36:52'),
(294, 59, 'Virgie Farrell', 'Quia soluta maxime doloribus asperiores hic sit. Quisquam vel qui ratione autem eius accusantium iste. Corrupti nihil reiciendis dolorem fugiat autem.', 3, '2019-02-02 09:36:52', '2019-02-02 09:36:52'),
(295, 60, 'Viola Dooley', 'Et dolore fuga sint esse. Doloremque dolore quia neque in similique quae. Impedit officiis hic at est. Vel sit itaque aut aut odio.', 2, '2019-02-02 09:36:52', '2019-02-02 09:36:52'),
(296, 97, 'Ezequiel Kuhic II', 'Sapiente qui doloribus et qui. Ipsam voluptatem voluptatem excepturi quam. Dolores quae doloribus rerum quasi et alias unde illo.', 1, '2019-02-02 09:36:52', '2019-02-02 09:36:52'),
(297, 14, 'Trace Jacobs', 'Eveniet eius consectetur molestias. Earum ea magnam ullam tempora. Ut hic ut voluptatem in eveniet et qui.', 2, '2019-02-02 09:36:52', '2019-02-02 09:36:52'),
(298, 100, 'Delmer Goodwin', 'Occaecati qui cupiditate voluptatem a. Quibusdam debitis aut laborum nesciunt. Ipsum pariatur unde voluptatibus.', 4, '2019-02-02 09:36:52', '2019-02-02 09:36:52'),
(299, 74, 'Miss Verla Collins DVM', 'Quo ad corrupti quasi saepe. Illum reiciendis odit alias incidunt quibusdam eos dignissimos. At cumque laborum qui ex. Perspiciatis numquam optio ab.', 4, '2019-02-02 09:36:52', '2019-02-02 09:36:52'),
(300, 87, 'Valerie Ondricka', 'Sit modi consequuntur voluptatem aperiam nemo. Dolore inventore fuga dolor quas. Et est totam nihil fugit cupiditate.', 3, '2019-02-02 09:36:52', '2019-02-02 09:36:52');

-- --------------------------------------------------------

--
-- Table structure for table `users`
--

CREATE TABLE `users` (
  `id` int(10) UNSIGNED NOT NULL,
  `name` varchar(191) COLLATE utf8mb4_unicode_ci NOT NULL,
  `email` varchar(191) COLLATE utf8mb4_unicode_ci NOT NULL,
  `email_verified_at` timestamp NULL DEFAULT NULL,
  `password` varchar(191) COLLATE utf8mb4_unicode_ci NOT NULL,
  `remember_token` varchar(100) COLLATE utf8mb4_unicode_ci DEFAULT NULL,
  `created_at` timestamp NULL DEFAULT NULL,
  `updated_at` timestamp NULL DEFAULT NULL
) ENGINE=InnoDB DEFAULT CHARSET=utf8mb4 COLLATE=utf8mb4_unicode_ci;

--
-- Indexes for dumped tables
--

--
-- Indexes for table `migrations`
--
ALTER TABLE `migrations`
  ADD PRIMARY KEY (`id`);

--
-- Indexes for table `password_resets`
--
ALTER TABLE `password_resets`
  ADD KEY `password_resets_email_index` (`email`);

--
-- Indexes for table `products`
--
ALTER TABLE `products`
  ADD PRIMARY KEY (`id`);

--
-- Indexes for table `reviews`
--
ALTER TABLE `reviews`
  ADD PRIMARY KEY (`id`),
  ADD KEY `reviews_product_id_foreign` (`product_id`);

--
-- Indexes for table `users`
--
ALTER TABLE `users`
  ADD PRIMARY KEY (`id`),
  ADD UNIQUE KEY `users_email_unique` (`email`);

--
-- AUTO_INCREMENT for dumped tables
--

--
-- AUTO_INCREMENT for table `migrations`
--
ALTER TABLE `migrations`
  MODIFY `id` int(10) UNSIGNED NOT NULL AUTO_INCREMENT, AUTO_INCREMENT=5;

--
-- AUTO_INCREMENT for table `products`
--
ALTER TABLE `products`
  MODIFY `id` int(10) UNSIGNED NOT NULL AUTO_INCREMENT, AUTO_INCREMENT=101;

--
-- AUTO_INCREMENT for table `reviews`
--
ALTER TABLE `reviews`
  MODIFY `id` int(10) UNSIGNED NOT NULL AUTO_INCREMENT, AUTO_INCREMENT=301;

--
-- AUTO_INCREMENT for table `users`
--
ALTER TABLE `users`
  MODIFY `id` int(10) UNSIGNED NOT NULL AUTO_INCREMENT;

--
-- Constraints for dumped tables
--

--
-- Constraints for table `reviews`
--
ALTER TABLE `reviews`
  ADD CONSTRAINT `reviews_product_id_foreign` FOREIGN KEY (`product_id`) REFERENCES `products` (`id`) ON DELETE CASCADE;
COMMIT;

/*!40101 SET CHARACTER_SET_CLIENT=@OLD_CHARACTER_SET_CLIENT */;
/*!40101 SET CHARACTER_SET_RESULTS=@OLD_CHARACTER_SET_RESULTS */;
/*!40101 SET COLLATION_CONNECTION=@OLD_COLLATION_CONNECTION */;
